child_id,set,parent_id,idr_aaseq,punctastatus_bool,cluster_id,split
FOidr_005,FOidr,AFF1_RAD51B,MAFTERVNSSGNSLYNDDRNLLRIREKERRNQEAHQEKEAFPEKIPLFGEPYKTAKGDELSSRIQNMLGNYEEVKEFLSTKSHTHRLDASENRLGKPKYPLIPDKGSSIPSSSFHTSVHHQSIHTPASGPLSVGNISHNPKMAQPRTEPMPSLHAKSCGPPDSQHLTQDRLGQEGFGSSHHKKGDRRADGDHCASVTDSAPERELSPLISLPSPVPPLSPIHSNQQTLPRTQGSSKVHGSSNNSKGYCPAKSPKDLAVKVHDKETPQDSLVAPAQPPSQTFPPPSLPSKSVAMQQKPTAYVRPMDGQDQAPSESPELKPLPEDYRQQTFEKTDLKVPAKAKL,True,0,train
FOidr_010,FOidr,ARID1B_ZNF384,MPPQPPGSQSESSSHPALSQSPMPQERGFMAGTQRNPQMAQYGPQQTGPSMSPHPSPGGQMHAGISSFQQSNSSGTYGPQMSQYGPQGNYSRPPAYSGVPSASYSGPGPGMGISANNQMHGQGPSQPCGAVPLGRMPSAGMQNRPFPGNMSSMTPSSPGMSQQGGPGMGPPMPTVNRKAQEAAAAVMQAAANSAQSRQGSFPGMNQSGLMASSSPYSQPMNNSSSLMNTQAPPYSMAPAMVNSSAGRMEESHFNSNPYFW,True,7,train
FOidr_014,FOidr,ATF7IP_JAK2,RFEAAKEDLKKRHEHPPNPPVSPGKTVNDVNSNNNMSYRNAGTVRQMLESKRNVSESAPPSFQTPVNTVSSTNLVTPPAVVSSQPKLQTPVTSGSLTATSVLPAPNTATVVATTQVPSGNPQPTISLQPLPVILHVPVAVSSQPQLLQSHPGTLVTNQPSGNVEFISVQSPPTVSGLTKNPVSLPSLPNPTKPNNVPSVPSPSIQRNPTASAAPLGTTLAVQAVPTAHSIVQATRTSLPTVGPSGLYSPSTNRGPIQMKIPISAFSTSSAAEQNSNTTPRIENQTNKTIDASVSKKAADSTSQCGKATGSDSSGVIDLTMDDEESGASQDPKKLNHTPVSTMSSSQPVSRPLQPIQPAPPLQPSGVPTSGPSQTTIHLLPTAPTTVNVTHRPVTQVTTRLPVPRAPANHQVVYTTLPAPPAQAPLRGTVMQAPAVRQVNPQNILQER,True,1,train
FOidr_020,FOidr,BRD9_CEP72,MGKKHKKHKAEWRSSYEDYADKPLEKPLKLVLKVGGSEVTELSGSGHDSSYYDDRSDHERERHKEKKKKKKKKSEKEKHLDDEERRKRKEEKKRKREREHCDTEGEADDFDPGKKVEVEPPPDRPVRACRTQPGLQTSVKRLCGEIVELKQHLEHYDKIQELTQMLQESHSSLVSTNEHLLQELSQVRAQHRAEVEQMHWS,True,2,train
FOidr_021,FOidr,BRD9_NUTM1,MGKKHKKHKAEWRSSYEDYADKPLEKPLKLVLKVGGSEVTELSGSGHDSSYYDDRSDHERERHKEKKKKKKKKSEKEKHLDDEERRKRKEEKKRKREREHCDTEGEADDFDPGKKVEVEPPPDRPVRACRTQPAENESTPIQQLLEHFLRQL,True,2,train
FOidr_035,FOidr,CLK1_PPIL3,RSSSSHKRRKRSHSSAQENKRCKYNHSKMCDSHYLESRSINEKDYHSRRYIDEYRNDYTQGCEPGHRQRDHESRYQNHSSKSSGRSGRSSYKSKHRIHHSTSHRRSHGKSHRRKRTRSVEDDEEGHL,True,3,train
FOidr_048,FOidr,CUX1_NUTM1,QGSVSDMLSRPKPWSKLTQKGREPFIRMQLWLNGELGQGVLPVQGQQQGPVLHSVTSLQDPLQQGCVSSESTPKTSASCSPAPESPMSSSESVKSLTELVQQPCPPIEASKDSKPPEPSDPPASDSQPTTPLPLSGHSALSIQELVAMSPELDTYGITKRVKEVLTDNNLGQRLFGETILGLTQGSVSDLLARPKPWHKLSLKGREPFVRMQLWLNDPNNVEKLMDMKRMEKKAYMKRRHSSVSDSQPCEPPSVGTEYSQGASPQPQHQLKKPRVVLAPEEKEALKRAYQQKPYPSPKTIEDLAT,True,2,train
FOidr_053,FOidr,DOC2B_USP43,MTLRRRGEKATISIQEHMAIDVCPGPIRPIKQISDYFPRFPRGLPPDAGPRAAAPPDAPARPAVAGAGRRSPSDGAREDDEDVDQLFGAYGSSPGPSPGPSPARPPAKPPEDEPDADGYESDDCRGLEPRRLVRGVKGRSISMKAPTTSRAKQGPFKTMPLRWSFGSKEKPPGASVELVEYLESRRRPRSTSQSIVSLLTGTAGEDEKSASPRSNVALPANSEDGGRAIERGPAGVPCPSAQPNHCLAPGNSDGPNTARKLKENAGQDIKLPRKFDLPLTVMPSVEHEKPARPEGQKAMNWKESFQMGSKSSPPSPYMGFSGNSKDSRRGTSELDRPLQGTLTLLRSVFRKKENRRNERAEVSPQVPPVSLVSGGLSPAMDGQAPGSPPALRIPEGLARGLGSRLERDVWSAPSSLRLPRKASRAPRGSALGMSQRTVPGEQASYGTFQRVKYHTLSLGRKKTLPESSF,True,4,train
FOidr_060,FOidr,EP400_SFSWAP,QAYLRQNDLDIEEEEEEEEEEEEKSEVINDEESSTTPCPLLTGGRPLPTLEVKPPDRPSSKSKDPPREEEKEKKKKKHKKRSRTRSRSPKYHSSSKSRSRSHSKAKHSLPSAYRTVRRSRVTASPGTLRAEPCQSSASVTAAAEPGSYQAASTTTRFDSASSFEGKPGKTSRSRSRSPRRRAHSPERRREERSVPTAYRVSRSPGASRKRTRSRSPHEKKKKRRSRSRTKSKARSQSVSPSKQAAPRPAAPAAHSAHSASVSPVESRGSSQERSRGVSQEKEAQISSAIVSSVQSKITQDLMAKVRAMLAASKNLQTSAS,True,5,train
FOidr_062,FOidr,ETV6_C7ORF72,SPHSGWTSPLKVTPLQPHHEGRSLSHIFTFDEEATCTDEGEPLVQTNKKCNAKDSFYKSSTQKAYEDVPWDKMLPPKLVPEETTLEKTADPISQCFTLKRYKGVPAITQMVGELWDRFQTRSFLAPVKPINFVSSSSRSKYIPLYTGHVQSTNADDVDNPLGDIASLAKQRYSKPLYTNTSRAANIPGYTGKVHFTATHPANSNIPSTTPSPDSELHRVFQKEMAVDLFRHQAPLSRLVTTVRPYNPFNKKDKETIDY,True,6,test
FOidr_066,FOidr,ETV6_RUNX1,YHRAIKITVDGPREPRRHRQKLDDQTKPGSLSFSERLSELEQLRRTAMRVSPHHPAPTPNPRASLNHSTAFNPQPQSQMQDTRQIQPSPPWSYDQSYQYLGSIASPSVHPATPISPGRASGMTTLSAELSSRLSTAPDLTAFSDPRQFPALPSISDPRMHYPGAFTYSPTPVTSGIG,True,38,train
FOidr_067,FOidr,FUS_FLI1,MASNDYTQQATQSYGAYPTQPGQGYSQQSSQPYGQQSYSGYSQSTDTSGYGQSSYSSYGQSQNTGYGTQSTPQGYGSTGGYGSSQSSQSSYGQQSSYPGYGQQPAPSSTSGSYGSSSQSSSYGQPQSGSYSQQPSYGGQQQSYGQQQSYNPPQGYGQQNQYNSSSGGGGGGNYGQDQSSMSSGGGSGGGYGNQDQSGGGGSGGYGQQDRGGRGRGGSGGGGGGGGGGYNRSSGGYEPRGRGGGRGGRGGMGGSDRGGFNKFGDPSYDSVRRGAWGNNMNSGLNKSPPLGGAQTISKNTEQRPQPDPYQILGPTSSRLANP,True,7,train
FOidr_069,FOidr,GATA3_TAF3,MEVTADQPRWVSHHHPAVLNGQHPDTHHPGLSHSYMDAAQYPLPEEVDVLFNIDGQGNHVPPYYGNSVRATVQRYPPTHHGSQVCRPPLLHGSLPWLDGGKALGSHHTASPWNLSPFSKTSIHHGSPGPLSVYPPASSSSLSGGHASPHLFTFPPTPPKDVSPDPSLSTPGSAGSARQDEKECLKYQVPLPDSMKLESSHSRGSMTALGGASSSTHHPITTYPPYVPEYSSGLFPPSSLLGGSPTGFGCKSRPKARS,True,8,test
FOidr_072,FOidr,HEY1_NCOA2,RALGIPELVSQSQAVDPEQFSSQDSNIMLEQKAPVFPQQYASQAQMAQGSYSPMQDPNFHTMGQRPSYATLRMQPRPGLRPTGLVQNQPNQLRLQLQHRLQAQQNRQPLMNQISNVSNVNLTLRPGVPTQAPINAQMLAQRQREILNQHLRQRQMHQQQQVQQRTLMMRGQGLNMTPSMVAPSGIPATMSNPRIPQANAQQFPFPPNYGISQQPDPGFTGATTPQSPLMSPRMAHTQSPMMQQSQANPAYQAPSDINGWAQGNMGGNSMFSQQSPPHFGQQANTSMYSNNMNINVSMATNTGGMSSMNQMTGQISMTSVTSVPTSGLSSMGPEQVNDPALRGGNLFPNQLPGMDMIKQEGDTTRKYC,True,9,val
FOidr_078,FOidr,KMT2A_AFDN; KMT2A_EPS15; KMT2A_MLLT1; KMT2A_MLLT10,MAHSCRWRFPARPGTTGGGGGGGRRGLGGAPRQRVPALLLPPGPPVGGGGPGAPPSPPAVAAAAAAAGSSGAGVPGGAAAASAASSSSASSSSSSSSSASSGPALLRVGPGFDAALQVSAAIGTNLRRFRAVFGESGGGGGSGEDEQFLGFGSDEEVRVRSPTRSPSVKTSPRKPRGRPRSGSDRNSAILSDPSVFSPLNKSETKSGDKIKKKDSKSIEKKRGRPPTFPGVKIKITHGKDISELPKGNKEDSLKKIKRTPSATFQQATKIKKLRAGKLSPLKSKFKTGKLQIGRKGVQIVRRRGRPPSTERIKTPSGLLINSELEKPQKVRKDKEGTPPLTKEDKTVVRQSPRRIKPVRIIPSSKRTDATIAKQLLQRAKKGAQKKIEKEAAQLQGRKVKTQVKNIR,True,10,train
FOidr_087,FOidr,KMT2A_AFDN; KMT2A_EPS15; KMT2A_MLLT1; KMT2A_MLLT10,IFDNFRPPPLTPEDVGFASGFSASGTAASARLFSPLHSGTRFDMHKRSPLLRAPRFTPSEAHSRIFESVTLPSNRTSAGTSSSGVSNRKRKRKVFSPIRSEPRSPSHSMRTRSGRLSSSELSPLTPPSSVSSSLSISVSPLATSALNPTFTFPSHSLTQSGESAEKNQRPRKQTSAPAEPFSSSSPTPLFPWFTPGSQTERGRNKDKAPEELSKDRDADKSVEKDKSRERDREREKENKRESRKEKRKKGSEIQSSSALYPVGRVSKEKVVGEDVATSSSAKKATGRKKSSSHDSGTDITSVTLGDTTAVKTKILIKKGRGNLEKTNLDLGPTAPSLEKEKTLCLSTPSSSTVKHSTSSIGSMLAQADKLPMTDKRVASLLKKAKAQLCKIEKSKSLKQTDQPKAQGQESDSSETSVRGPRIKHVCRRAAVALGRKRAVFPDDMPTLSALPWEEREKILSSMGNDDKSSIAGSEDAEPLAPPIKPIKPVTRNKAPQEPPVKKGRRSRRC,True,10,train
FOidr_092,FOidr,KMT2A_MLLT1,GVMVMPEGADTVSRPSPDYPMLPTIPLSAFSDPKKTKPSHGSKDANKESSKTSKPHKVTKEHRERPRKDSESKSSSKELEREQAKSSKDTSRKLGEGRLPKEEKAPPPKAAFKEPKMALKETKLESTSPKGGPPPPPPPPPRASSKRPATADSPKPSAKKQKKSSSKGSRSAPGTSPRTSSSSSFSDKKPAKDKSSTRGEKVKAESEPREAKKALEVEESNSEDEASFKSESAQSSPSNSSSSSDSSSDSDFEPSQNHSQGPLRSMVEDLQSEESDEDDSSSGEEAAGKTNPGRDSRLSFSDSESDNSADSSLPSREPPPPQKPPPPNSKVSGRRSPESCSKPEKILKKGTYDKAYTDELVELHRRLMALRERNVLQQIVNLI,True,10,train
FOidr_099,FOidr,MBNL1_MEIS2,MGRCSRENCKYLHPPPHLKTQLEINGRNNLIQQKNMAMLAQQMQLANAMMPGAPLQPVYDELPHYGGMDGVGVPASMYGDPHAPRPIPPVHHLNHGPPLHATQHYGAHAPHPNVMPASMGSAVNDALKRDKDAIYGHPLFPLLALVFEKCELATCTPREPGVAGGDVCS,True,11,test
FOidr_103,FOidr,MEF2D_BCL9,PNFAMPVTVPVSNQSSLQFSNPSGSLVTPSLVTSSLTDPRLLSPQQPALQRNSVSPGLPQRPASAGAMLGGDLNSANGACPSPVGPNPVVPMPTLSPMGMTQPLSHSNQMPSPNAVGPNIPPHGVPMGPGLMSHNPIMGHGSQEPPMVPQGRMGFPQGFPPVQSPPQQVPFPHNGPSGGQGSFPGGMGFPGEGPLGRPSNLPQSSADAALCKPGGPGGPDSFTVLGNSMPSVFTDPDLQEVIRPGATGIPEFDLSRIIPSEKPSQTLQYFPRGEVPGRKQPQGPGPGFSHMQGMMGEQAPRMGLALPGMGGPGPVGTPDIPLGTAPSMPGHNPMRPPAFLQQGMMGPHHRMMSPAQSTMPGQPTLMSNPAAAVGMIPGKDRGPAGLYTHPGPVGSPGMMMSMQGMMGPQQNIMIPPQMRPRGMAADVGMGGFSQGPGNPGNMMF,True,12,test
FOidr_104,FOidr,MEF2D_DAZAP1,AMPVTVPVSNQSSLQFSNPSGSLVTPSLVTSSLTDPRLLSPQQPALQRNSVSPGLPQRPASAGAMLGGDLNSANGACPSPVGFGFITFEDEQSVDQAVNMHFHDIMGKKVEVKRAEPRDSKSQAPGQPGASQWGSRVVPNAANGWAGQPPPTWQQGYGPQGMWVPAGQAIGGYGPPPAGRGAPPPPPPFTSYIVSTPPGGFPPPQGFPQGYGAPPQFSFGYGPPPPPPDQFAPPGVPPPPATPGAAPLAFPPPPSQAAPDMSKPPTAQPDFPYGQYAGYGQDLSGFGQGFSDPSQQPPSYGGPSVPGSGGPPAGGSGFGRGQNHNVQGFHPYRR,True,13,test
FOidr_107,FOidr,MEF2D_SS18,FAMPVTVPVSNQSSLQFSNPSGSLVTPSLVTSSLTDPRLLSPQQPALQRNSVSPGLPQRPASAGAMLGGDLNSANGACPSPVGNGYVSARASPGLLPVANGNSLNKVIPAKSPPPPTHSTQLGAPSRKPDLRVITSQAGKGLMHHLTEDHLDLNNAQRLGVSQSTHSLTTPVVSVATPSLLSQGLPFSSMPTAYNTGPMMHQQPPSQQYNMPQGGGQHYQGQQPPMGMMGQVNQGNHMMGQRQIPPYRPPQQGPPQQYSGQEDYYGDQYSHGGQGPPEGMNQQYYPDGHNDYGYQQPSYPEQGYDRPYEDSSQHYYEGGNSQYGQQQDAYQGPPPQQGYPPQQQQYPGQQGYPGQQQGYGPSQGGPGPQYPNYPQGQGQQYGGYRPTQPGPPQPPQQRPYGYDQGQYGNYQQ,True,45,train
FOidr_114,FOidr,NDRG1_ERG; TMPRSS2_ERG,QALQPHPPESSLYKYPSDLPYMGSYHAHPQKMNFVAPHPPALPVTSSSFFAAPNPYWNSPTGGIYPNTRLPTSHMPSHLGTYY,True,7,train
FOidr_117,FOidr,NUP98_HOXD13,MFNKSFGTPFGGGTGGFGTTSTFGQNTGFGTTSGGAFGTSAFGSSNNTGGLFGNSQTKPGGLFGTSSFSQPATSTSTGFGFGTSTGTANTLFGTASTGTSLFSSQNNAFAQNKPTGFGNFGTSTSSGGLFGTTNTTSNPFGSTSGSLFGPSSFTAAPTGTTIKFNPPTGTDTMVKAGVSTNISTKHQCITAMKEYESKSLEELRLEDYQANRKGPQNQVGAGTTTGLFGSSPATSSATGLFSSSTTNSGFAYGQNKTAFGTSTTGFGTNPGGLFGQQNQQTTSLFSKPFGQATTTQNTGFSFGNTSTIGQPSTNTMGLFGVTQASQPGGLFGTATNTSTGTAFGTGTGLFGQTNTGFGAVGSTLFGNNKLTTFGSSTTSAPSFGTTSGGLFGNKPTLTLGTNTNTSNFGFGTNTSGNSIFGSKPAPGTLGTGLGAGFGTALGAGQASLFGNNQPKIGGPLGTGAFGAPGFNTTTATLGFGAPQAPVGDVALNQPD,True,14,test
FOidr_121,FOidr,NUP98_KDM5A,MFNKSFGTPFGGGTGGFGTTSTFGQNTGFGTTSGGAFGTSAFGSSNNTGGLFGNSQTKPGGLFGTSSFSQPATSTSTGFGFGTSTGTANTLFGTASTGTSLFSSQNNAFAQNKPTGFGNFGTSTSSGGLFGTTNTTSNPFGSTSGSLFGPSSFTAAPTGTTIKFNPPTGTDTMVKAGVSTNISTKHQCITAMKEYESKSLEELRLEDYQANRKGPQNQVGAGTTTGLFGSSPATSSATGLFSSSTTNSGFAYGQNKTAFGTSTTGFGTNPGGLFGQQNQQTTSLFSKPFGQATTTQNTGFSFGNTSTIGQPSTNTMGLFGVTQASQPGGLFGTATNTSTGTAFGTGTGLFGQTNTGFGAVGSTLFGNNKLTTFGSSTTSAPSFGTTSGGLFGFGTNTSGNSIFGSKPAPGTLGTGLGAGFGTALGAGQASLFGNNQPKIGGPLGTGAFGAPGFNTTTATLGFGAPQAPVALTDPNASAAQQAVLQQHINSLTYSPFGDSPLFRNPMSDPKKKEEDDSMEEKPLKVKGKDSSEKKRKRKLEKVEQLFGEGKQKSKELKKMDKPRKKKLKLGADKSKELNKLAKKLAKEEERKKKKEKAAAAKVELVKESTEKKREKKVLDIPSKYDWSGAEESDDENAV,True,14,test
FOidr_123,FOidr,NUP98_NSD1,MFNKSFGTPFGGGTGGFGTTSTFGQNTGFGTTSGGAFGTSAFGSSNNTGGLFGNSQTKPGGLFGTSSFSQPATSTSTGFGFGTSTGTANTLFGTASTGTSLFSSQNNAFAQNKPTGFGNFGTSTSSGGLFGTTNTTSNPFGSTSGSLFGPSSFTAAPTGTTIKFNPPTGTDTMVKAGVSTNISTKHQCITAMKEYESKSLEELRLEDYQANRKGPQNQVGAGTTTGLFGSSPATSSATGLFSSSTTNSGFAYGQNKTAFGTSTTGFGTNPGGLFGQQNQQTTSLFSKPFGQATTTQNTGFSFGNTSTIGQPSTNTMGLFGVTQASQPGGLFGTATNTSTGTAFGTGTGLFGQTNTGFGAVGSTLFGNNKLTTFGSSTTSAPSFGTTSGGLFGFGTNTSGNSIFGSKPAPGTLGTGLGAGFGTALGAGQASLFGNNQPKIGGPLGTGAFGAPGFNTTTATLGFGAPQAPVAVRSEKKRLRKPSKWLLEYTEEYDQIFAPKKKQKKVQEQVHKVSSRCEEESLLARGRSSAQNKQVDENSLISTKEEPPVLEREAPFLEGPLAQSELGGGHAELPQLTLSVPVAPEVSPRPALESEELLVKTPGNYESKRQRKPTKKLLESNDLDPGFMPKKGDLGLSKKCYEAGHLENGITESCATSYSKDFGGGTTKIFDKPRKRKRQRHAAAKMQCKKVKNDDSSKEIPGSEGELMPHRTATSPKETVEEGVEHDPGMPASKKMQGERGGGAALK,True,14,test
FOidr_127,FOidr,PAX3_FOXO1,GANQLMAFNHLIPGGFPPTAMPTLPTYQLSETSYQPTSIPQAVSDPSSTVHRPQPLPPSTVHQSTIPSNPDSSSAYCLPSTRHGFSSYTDSFVPPSGPSNPMNPTIGNGLSPQNSIRHNLSLHSKFIRVQNEGTGKSSWWMLNPEGGKSGKSPRRRAASMDNNSKFAKSRSRAAKKKASLQSGQEGAGDSPGSQFSKWPASPGSHSNDDFDNWSTFRPRTSSNASTISGRLSPIMTEQDDLGEGDVHSMVYPPSAAKMASTLPSLSEISNPENMENLLDNLNLLSSPTSLTVSTQSSPGTMMQQTPCYSFAPPNTSLNSPSPNYQKYTYGQSSMSPLPQMPIQTLQDNKSSYGGMSQYNCAPGLLKELLTSDSPPHNDIMTPVDPGVAQPNSRVLGQNVMMGPNSVMSTYGSQASHNKMMNPSSHTHPGHAQQTSAVNGRPLPHTVSTMPHTSGMNRLTQVKTPVQVPLPHPMQMSALG,True,15,val
FOidr_146,FOidr,PAX5_PAX5; ZCCHC7_PAX5,SINRIIRTKVQQPPNQPVPASSHSIVSTGSVTQVSSVSTDSAGSSYSISGILGITSPSADTNKRKRDEGIQESPVPNGHSLPGRDFLRKQMRGDLFTQQQLEVLDRVFERQHYSDIFTTTEPIKPEQTTEYSAMASLAGGLDDMKANLASPTPADIGSSVPGPQSYPIVTGRDLASTTLPGYPPHVPPAGQGSYSAPTLTGMVPGSEFSGSPYSHPQYSSY,True,51,train
FOidr_147,FOidr,PAX5_ZCCHC7,KRLKQKIKVLKKNGVIPEPSKLPYIKAANENPHHDIRKGRASWKSNRWPQENKETQKEMKNKNRNWEKHRKADRHREVDEDFPRGPKTYSSPGSFKTQKPSKPFHRSSHYHTSREDKSPKEGKRGKQKKKERCWEDDDNDNLFLIKQRKKKS,True,51,train
FOidr_153,FOidr,PAX7_FOXO1,WRKQAGANQLAAFNHLLPGGFPPTGMPTLPPYQLPDSTYPTTTISQDGGSTVHRPQPLPPSTMHQGGLAAAAAAADTSSAYGARHSFSSYSDSFMNPAAPSNHMNPVSNGLSPQNSIRHNLSLHSKFIRVQNEGTGKSSWWMLNPEGGKSGKSPRRRAASMDNNSKFAKSRSRAAKKKASLQSGQEGAGDSPGSQFSKWPASPGSHSNDDFDNWSTFRPRTSSNASTISGRLSPIMTEQDDLGEGDVHSMVYPPSAAKMASTLPSLSEISNPENMENLLDNLNLLSSPTSLTVSTQSSPGTMMQQTPCYSFAPPNTSLNSPSPNYQKYTYGQSSMSPLPQMPIQTLQDNKSSYGGMSQYNCAPGLLKELLTSDSPPHNDIMTPVDPGVAQPNSRVLGQNVMMGPNSVMSTYGSQASHNKMMNPSSHTHPGHAQQTSAVNGRPLPHTVSTMPHTSGMNRLTQVKTPVQVPLPHPMQMSALG,True,15,val
FOidr_166,FOidr,RCSD1_ABL2; ZC3HAV1_ABL2,SKTRTLKKQVENKENIEGAQDATENSASSLAPGFIRGAQASSGSPALPRKQRDKSPSSLLEDAKETCFTRDRKGGFFSSFMKKRNAPTPPKRSSSFREMENQPHKKYELTGLPEQDRMAMTLPRNCQRSKLQLERTVSTSSQPEENVDRANDMLPKKSEESAAPSRERPKAKLLPRGATALPLRTPSGDLAITEKDPPGVGVAGVAAAPKGKEKNGGARLGMAGVPEDGEQPGWPSPAKAAPVLPTTHNHKVPVLISPTLKHTPADVQLIGTDSQGNKFKLLSEHQVTSSGDKDRPRRVKPKCAPPPPPVMRLLQHPSICSDPTEEPTALTAGQSTSETQEGGKKAALGAVPISGKAGRPVMPPPQVPLPTSSISPAKMANGTAGTKVALRKTKQAAEK,True,16,val
FOidr_174,FOidr,SAFB2_SAFB,VGAKVVTNARSPGARCYGFVTMSTAEEATKCINHLHKTELHGKMISVEKAKNEPVGKKTSDKRDSDGKKEKSSNSDRSTNLKRDDKCDRKDDAKKGDDGSGEKSKDQDDQKPGPSERSRATKSGSRGTERTVVMDKSKGVPVISVKTSGSKERASKSQDRKSASREKRSVVSFDKVKEPRKSRDSESHSRVRERSEREQRMQAQWEREER,True,17,train
FOidr_175,FOidr,SAFB2_SAFB,RLERERMERERLERERMHVEHERRREQERIHREREELRRQQELRYEQERRPAVRRPYDLDRRDDAYWPEAKRAALDERYHSDFNRQDRFHDFDHRDRGRYPDHSVDRREGSRSMMGEREGQHYPERHGGPERHGRDSRDGWGGYGSDKRMSEGRGLPPPPRGRRDWGDHGRREDDRSWQGTADGGMMDRDHKRWQGGERSMSGHSGPGHMMNRGGMSGRGSFAPGGASRGHPIPHGGMQGGFGGQSRGSRPSDARFTRRY,True,17,train
FOidr_182,FOidr,SS18_SSX1,MSVAFAAPRQRGKGEITPAAIQKMLDDNNHLIQCIMDSQNKGKTSECSQYQQMLHTNLVYLATIADSNQNMQSLLPAPPTQNMPMGPGGMNQSGPPPPPRSHNMPSDGMVGGGPPAPHMQNQMNGQMPGPNHMPMQGPGPNQLNMTNSSMNMPSSSHGSMGGYNHSVPSSQSMPVQNQMTMSQGQPMGNYGPRPNMSMQPNQGPMMHQQPPSQQYNMPQGGGQHYQGQQPPMGMMGQVNQGNHMMGQRQIPPYRPPQQGPPQQYSGQEDYYGDQYSHGGQGPPEGMNQQYYPDGHNDYGYQQPSYPEQGYDRPYEDSSQHYYEGGNSQYGQQQDAYQGPPPQQGYPPQQQQYPGQQGYPGQQQGYGPSQGGPGPQYPNYPQGQGQQYGGYRPTQPGPPQPPQQRPYGYDQIMPKKPAEDENDSKGVSEASGPQNDGKQLHPPGKANISEKINKRSGPKRGKHAWTHRLRERKQLVIYEEISDPEEDDE,True,18,train
FOidr_186,FOidr,SUCO_CRTC2,DVQFQKKNTESKKLSPPVVETLPTVDLHEESSNAVVDSETVENISSSSTSEITPISKLDEIEKSGTIPIAKPSETEQSETDCDVGEALDASAPIEQPSFVSPPDSLVGQHIENVSSSHGKGKITKSEFESKVSASEQGGGDPKSALNASDNLKNELQAQKLRLAYTRSSHYGGSLPNVNQIGSGLAEFQSPLHSPLDSSRSTRHHGLVERVQRDPRRMVSPLRRYTRHIDSSPYSPAYLSPPPESSWRRTMAWGNFPAEKGQLFRLPSALNRTSSDSALHTSVMNPSPQDTYPGPTPPSILPSRRGGILDGEMDPKVPAIEENLLDDKHLLKPWDAKKLSSSSSRPRSCEVPGINIFPSPDQPANVPVLPPAMNTGGSLPDLTNLHFPPPLPTPLDPEETAYPSLSGGNSTSNLTHTMTHLGISRGMGLGPGYDAPGLHSPLSHPSLQSSLSNPNLQASLSSPQPQLQGSHSHPSLPASSLARHVLPTTSLGHPSLSAPALSSSSSSSSTSSPVLGAPSYPASTPGASPHHRRVPLSPLSLLAGPADARRSQQQLPKQFSPTMSPTLSSITQGVPLDTSKLSTDQRLPPYPYSSPSLVLPTQPHTPKSLQQPGLPSQSCSVQSSGGQPPGRQSHYGTPYPPGPSGHGQQSYHRPMSDFNLGNLEQFSMESPSASLVLDPPGFSEGPGFLGGEGPMGGPQDPHTFNHQNLTHCSRHGSGPNIILTGDSSPGFS,True,19,test
FOidr_188,FOidr,TCF3_FLI1,MNQPQRMAPVGTDKELSDLLDFSMMFPLPVTNGKGRPASLAGAQFGGSGLEDRPSSGSWGSGDQSSSSFDPSRTFSEGTHFTESHSSLSSSTFLGPGLGGKSGERGAYASFGRDAGVGGLTQAGFLSGELALNSPGPLSPSGMKGTSQYYPSYSGSSRRRAADGSLDTQPKKVRKVPPGLPSSVYPPSSGEDYGRDATAYPSAKTPSSTYPAPFYVADGSLHPSAELWSPPGQAGFGPMLGGGSSPLPLPPGSGPVGSSGSSSTFGGLHQHERMGYQLHGAEVNGGLPSASSFSSAPGATYGGVSSHTPPVSGADSLLGSRGTTAGSSGDALGKALASIYSPDHSSNNFSSSPSTPVGSPQGLAGTSQWPRAGAPGALSPSYDGGLHGLQSKIEDHLDEAIHVLRSHAVGTAGDMHTLLPGHGALASGFTGPMSLGGRHAGLVGGSHPEDGLAGSTSLMHNHAALPSQPGTLPDLSRPPDSYSGSLLAYNTTSHTDQSSRLSVKEDPSYDSVRRGAWGNNMNSGLNKSPPLGGAQTISKNTEQRPQPDPYQILGPTSSRLAN,True,7,train
FOidr_189,FOidr,TCF3_HLF,MNQPQRMAPVGTDKELSDLLDFSMMFPLPVTNGKGRPASLAGAQFGGSGLEDRPSSGSWGSGDQSSSSFDPSRTFSEGTHFTESHSSLSSSTFLGPGLGGKSGERGAYASFGRDAGVGGLTQAGFLSGELALNSPGPLSPSGMKGTSQYYPSYSGSSRRRAADGSLDTQPKKVRKVPPGLPSSVYPPSSGEDYGRDATAYPSAKTPSSTYPAPFYVADGSLHPSAELWSPPGQAGFGPMLGGGSSPLPLPPGSGPVGSSGSSSTFGGLHQHERMGYQLHGAEVNGGLPSASSFSSAPGATYGGVSSHTPPVSGADSLLGSRGTTAGSSGDALGKALASIYSPDHSSNNFSSSPSTPVGSPQGLAGTSQWPRAGAPGALSPSYDGGLHGLQSKIEDHLDEAIHVLRSHAVGTAGDMHTLLPGHGALASGFTGPMSLGGRHAGLVGGSHPEDGLAGSTSLMYNHAALPSQPAPSLTCLGLPTPTVDDKYWARRRKNNMAAKRSRDARRLKENQ,True,7,train
FOidr_192,FOidr,TCF3_ZNF384,MNQPQRMAPVGTDKELSDLLDFSMMFPLPVTNGKGRPASLAGAQFGGSGLEDRPSSGSWGSGDQSSSSFDPSRTFSEGTHFTESHSSLSSSTFLGPGLGGKSGERGAYASFGRDAGVGGLTQAGFLSGELALNSPGPLSPSGMKGTSQYYPSYSGSSRRRAADGSLDTQPKKVRKVPPGLPSSVYPPSSGEDYGRDATAYPSAKTPSSTYPAPFYVADGSLHPSAELWSPPGQAGFGPMLGGGSSPLPLPPGSGPVGSSGSSSTFGGLHQHERMGYQLHGAEVNGGLPSASSFSSAPGATYGGVSSHTPPVSGADSLLGSRGTTAGSSGDALGKALASIYSPDHSSNNFSSSPSTPVGSPQGLAGVSCSQRWRREGSQSRGPGLVITSPSGSLVTTASSAQTFPISAPMIVSALPPGSQALQVVPDLSKKVASTLTEEGGGGGGGGGSVAPKPPRGRKKKRMLESGLPEMNDPYVLSPEDDDDHQKDG,True,7,train
FOidr_194,FOidr,THSD4_LRRC49,MVSHFMGSLSVLCFLLLLGFQFVCPQPSTQHRKEEERRMASVLAKKEEEKKRESHKQSLLKEKKRLTINNVARQWDLQQQRVANIATNEDRKDSDSPQDPCQIDGSTLSAFPEETGPLDSG,True,20,train
FOidr_199,FOidr,TMPRSS2_ETV4,MPPAPPGGESGCEERGAAGHIEHSRYLSLLDAVDNSKMALNSKSPGNGSLREALIGPLGKLMDPGSLPPLDSEDLFQDLSHFQETWLAEAQVPDSDEQFVPDFHSENLAFHSPTTRIKKEPQSPRTDPALSCSRKPPLPYHHGEQCLYSSAYDPPRQIAIKSPAPGALGQSPLQPFPRAEQRNFLRSSGTSQPHPGHGYLGEHSSVFQQPLDICHSFTSQGGGREPLPAPYQHQLSEPCPPYPQQSFKQEYHDPLYEQAGQPAVDQGGVNGHRYPGAGVVIKQEQTDFAYDSDVTGCASMYLHTEGFSGPSPGDGAMGYGYEKPLRP,True,7,train
FOidr_209,FOidr,YAP1_MAMLD1,AKTSSGQRYFLNHIDQTTTWQDPRKAMLSQMNVTAPTSPPVQQNMMNSASGPLPDGWEQAMTQDGEIYYINHKNKTTSWLDPRLDPRFAMNQRISQSAPVKQPPPLAPQSPQGGVMGGSNSNQQQQMRLQQLQMEKERLRLKQQELLRQGTVKRRQEEDHFQFPDMADGGYPNKIKRPCLEDVTLAMGPGAHPSTACAELQVPPLTINPSPAAMGVAGQSLLLENNPMNGNIMGSPFVVPQTTEVGLKGPTVPYYEKINSVPAVDQELQELLEELTKIQDPSPNELDLEKILGTKPEEPLVLDHPQATLSTTPKPSVQMSHLESLASSKEFASSCSQVTGMSLQIPSSSTGISYSIPSTSKQIVSPSSSMAQSKSQVQAMLPVALPPLPVPQWHHAHQLKALAASKQGSATKQQGPTPSWSGLPPPGLSPPYRPVPSPHPPPLPLPPPPPPFSPQSLMVSCMSSNTLSGSTLRGSPNALLSSMTSSSNAALGPAMPYAPEKLPSPALTQQPQFGPQSSILANLMSSTIKTPQGHLMSALPASNPGPSPPYRPEKLSSPGLPQQSFTPQCSLIRSLTPTSNLLSQQQQQQQQQQQANVIFKPISSNSSKTLSMIMQQGMASSSPGATEPFTFGNTKPLSHFVSEPGPQKMPSMPTTSRQPSLLHYLQQPTPTQASSATASSTATATLQLQQQQQQQQQQPDHSSFLLQQMMQQPQRFQRSVASDSMPAL,True,21,train
FOidr_213,FOidr,ZCCHC7_PAX5,MMFGGYETIEAYEDDLYRDESSSELSVDSEVEFQLYSQIHYAQDLDDVIREEEHEEKNSGNSESSSSKPNQKKLIVLSDSEVIQLSDGSEVITLSDEDSIYRCKGKNVRVQAQENAHGLSSSLQSNELVDKKCKSDIEKPKSEERSGVIREVMIIEVSSSEEEESTISEGDNV,True,51,train
FOidr_001,FOidr,ABR_DUXA,YGTDEYDGEGNEEQKGPPEGSETMPYIDESPTMSPQLSARSQGGGDGVSPTPPEGLAPGVEA,False,22,test
FOidr_002,FOidr,ADIPOR2_FOXJ2,MNEPTENRLGCSRTPEPDIRLRKGHQLDGTRRGDNDSHQGDLEPILEASVLSSHHKKGTGSVDGGAVAAGASGRESAEGPPPLYNTNHDFKFSY,False,23,train
FOidr_003,FOidr,ADIPOR2_FOXJ2,LYKSMLEKSSSSSQHGFSSLLGDIPPSNNYYMYQQQQPPPPQQQQQQQQPPQPPPQQSQPQQQQAPAQGPSAVGGAPPLHTPSTDGCTPPGGKQAGAEGYGPPPVMAMHPPPLQHGGYHPHQHHPHSHPAQQPPPPQPQAQGQAPINNTGFAFPSD,False,23,train
FOidr_004,FOidr,ADIPOR2_FOXJ2,NRLNWSSIEQSQFSELMESLRQAEQKNWTLDQHHIANLCDSLNHFLTQTGHVPPQGGTHRPPAPARIADSCALTSGKQESAMSQVNSYGHPQAPHLYPGPSPMYPIPTQDSAGYNRPAHHMVPRPSVPPPGANEEIPDDFDWDLIT,False,23,train
FOidr_006,FOidr,AFF1_RAD51B,PRSECWSAADSHPSPTFLIPDVVLRKTRNPRLLPSVSMCPPQMHSTVLSSALPPTNWATGIRTETLDEHPV,False,0,train
FOidr_007,FOidr,AIMP2_EIF2AK1,AIELPSLEVLSDQEEDREQCGVKNDESSSSSIIFAEPTPEKEKRFGESDTENQNNKSVKYTTNLVIRESGELESTLELQENGLAGLSASSIVEQQLPLRRNSHLEESFTSTEESSEENVN,False,24,train
FOidr_008,FOidr,ARID1B_QKI,MAHNAGAAAAAGTHSAKSGGSEAALKEGGSAAALSSSSSSSAAAAAASSSSSSGPGSAMETGLLPNHKLKTVGEAPAAPPHQQHHHHHHAHHHHHHAHHLHHHHALQQQLNQFQQQQQQQQQQQQQQQQQQHPISNNNSLGGAGGGAPQPGPDMEQPQHGGAKDSAAGGQADPPGPPLLSKPGDEDDAPPKMGEPAGGRYEHPGLGALGTQQPPVAVPGGGGGPAAVPEFNNYYGSAAPASGGPGGRAGPCFDQHGGQQSPGMGMMHSASAAAAGAPGSMDPLQNSHEGYPNSQCNHYPGYSRPGAGGGGGGGGGGGGGSGGGGGGGGAGAGG,False,25,train
FOidr_009,FOidr,ARID1B_QKI,GYGGSSAGYGVLSSPRQQGGGMMMGPGGGGAASLSKAAAGSAAGGFQRFAGQNQHPSGATPTLNQLLTSPSPMMRSYGGSYPEYSSPSAPPPPPSQPQSQAAAAGAAAGGQQAAAGMGLGKDMGAQYAAASPAWAAAQQRSHPAMSPGTPGPTMGRSQGSPMDPMVMKRPQLYGMGSNPHSQPQQSSPYPGGSYGPPGPQRYPIGIQGRTPGAMAGMQYPQQQAEGEDSLKKMQLME,False,25,train
FOidr_011,FOidr,ARID1B_ZNF384; CREBBP_ZNF384; EP300_ZNF384; SMARCA2_ZNF384; TAF15_ZNF384,VSLPSGISMDTESKSDQLTPHSQASVTQNITVVPVPSTGLMTAGVSCSQRWRREGSQSRGPGLVITSPSGSLVTTASSAQTFPISAPMIVSALPPGSQALQVVPDLSKKVASTLTEEGGGGGGGGGSVAPKPPRGRKKKRMLESGLPEMNDPYVLSPEDDDDHQKDG,False,7,train
FOidr_012,FOidr,ARID1B_ZNF384; SMARCA2_ZNF384; TCF3_ZNF384,YLMKHMRKHNPPDLQQQVQAAAAAAAVAQAQAQAQAQAQAQAQAQAQAQASQASQQQQQQQQQQQQQQQQPPPHFQSPGAAPQGGGGGDSNPNPPPQCSFDLTPYKTAEHHKDICLTVTTSTIQVEHLASS,False,7,train
FOidr_013,FOidr,ATF7IP_JAK2,TDVKLLNGNHENGDLDPTSPLENMDYIKDKEEVNGIEEICFDPEGSKAEWKETPCILSVNVKNKQDDDLNCEPLSPHNITPEPVSKLPAEPVSGDPAPGDLDAGDPASGVLASGDSTSGDPTSSEPSSSDAASGDATSGDAPSGDVSPGDATSGDATADDLSSGDPTSSDPIPGEPVPVEPISGDCAADDIASSEITSVDLASGAPASTDPASDDLASGDLSSSELASDDLATGELASDELTSESTFDRTFEPKSVPVCEPVPEIDNIEPSSNKDDDFLEKNGADEKLEQIQSKDSLDEKNKADNNIDANEETLETDDTTICSDRPPENEKKVEEDIITELALGEDAISSSMEIDQGEKNEDETSADLVETINENVIEDNKSENILENTDSMETDEIIPILEKLAPSEDELTCFSKTSLLPIDETNPDLEEKMESSFGSPSKQESSESLPKEAFLVLSDEEDISGEKDESEVISQNETCSPAEVESNEKDNRPEEEEQVIHEDDERPSEKNEFSRRKRSKSEDMDNVQSKRRRYMEEEYEAEFQVK,False,1,train
FOidr_015,FOidr,ATP5B_VWA3B,HQKEICSMISTPEKCAKPQSDVDSTQTSSLNMLKGPWGLSDQKVQKKKVLHAESTKTSLLRSQMSSLRSSACSERKDGLSNASSRRTA,False,26,train
FOidr_017,FOidr,BCR_ABL1,ETMFQESSISDEVEKELGKQGVRGAVSTLLQAPELPTKTRTSRRAAEHRDTTDVPEMPHSKGQGESDPLDHEPAVSPLLPRKERGPPEGGLNEDERLLPKDKKTNLFSALIKKKKKTAPTPPKRSSSFREMDGQPERRGAGEEEGRDISNGALAFTPLDTADPAKSPKPSNGAGVPNGALRESGGSGFRSPHLWKKSSTLTSSRLATGEEEGGGSSSKRFLRSCSASCVPHGAKDTEWRSVTLPRDLQSTGRQFDSSTFGGHKSEKPALPRKRAGENRSDQVTRGTVTPPPRLVKKNEEAADEVFKDIMESSPGSSPPNLTPKPLRRQVTVAPASGLPHKEEAGKGSALGTPAAAEPVTPTSKAGSGAPGGTSKGPAEESRVRRHKHSSESPGRDKGKLSRLKPAPPPPPAASAGKAGGKPSQSPSQEAAGEAVLGAKTKATSLVDAVNSDAAKPSQPGEGLKKPVLPATPKPQSAKPSGTPISPAPVPSTLPSASSALAGDQPSSTAFIPLISTRVSLRKTRQPPERIASGA,False,16,val
FOidr_023,FOidr,BRD9_NUTM1,ASALPGPDMSMKPSAALSPSPALPFLPPTSDPPDHPPREPPPQPIMPSVFSPDNPLMLSAFPSSLLVTGDGGPCLSGAGAGKVIVKVKTEGGSAEPSQTQNFILTQTALNSTAPGTPCGGLEGPAPPFVTASNVKTILPSKAVGVSQEGPPGLPPQPPPPVAQLVPIVPLEKAWPGPHGTTGEGGPVATLSKPSLGDRS,False,2,train
FOidr_024,FOidr,BRD9_NUTM1; CUX1_NUTM1,ADLLSPEKQRDPLALIEELEQEEGLTLAQLVQKRLMALEEEEDAEAPPSFSGAQLDSSPSGSVEDEDGDGRLRPSPGLQGAGGAACLGKVSSSGKRAREVHGGQEQALDSPRGMHRDGNTLPSPSSWDLQPELAAPQGTPGPLGVERRGSGKVINQVSLHQDGHLGGAGPPGHCLVADRTSEALPLCWQGGFQPESTPSLDAGLAELAPLQGQGLEKQVLGLQKGQQTGGRGVLPQGKEPLAVPWEGSSGAMWGDDRGTPMAQSYDQNPSPRAAGERDDVCL,False,2,train
FOidr_027,FOidr,C11orf95_RELA,HVLEVHPGSLGLSGPQRSALLQAWGGQPEALSELTQSPPGDDLAPQDLTGKSRDSASTAGGAGPDSVPLGGSLASPLRGEQIPPCENGHWVCADPDLPPLSELFPLIFPAEPAQASGPYVEIIEQPKQRGMRFRYKCEGRSAGSIPGERSTDTTKTHPTIKINGYTGPGTVRISLVTKDPPHRPHPHELVGK,False,27,train
FOidr_028,FOidr,C11orf95_RELA,PSLQAPVRVSMQLRRPSDRELSEPMEFQYLPDTDDRHRIEEKRKRTYETFKSIMKKSPFSGPTDPRPPPRRIAVPSRSSASVPKPAPQPYPFTSSLSTINYDEFPTMVFPSGQISQASALAPAPPQVLPQAPAPAPAPAMVSALAQAPAPVPVLAPGPPQAVAPPAPKPTQAGEGTLSEALLQLQFDDEDLGALLGNSTDPAVFTDLASVDNSEFQQLLNQGIPVAPHTTEPMLMEYPEAITRLVTGAQRPPDPAPAPLGAPGLPNGLLSGD,False,27,train
FOidr_029,FOidr,CBFA2T3_GLIS2,MPASRLRDRAASSASGSTCGSMSQTHPVLESGLLASAGCSAPRGPRKGGPAPVDRKAKASAMPDSPAEVKTQPRSTPPSMPPPPPAASQGATRPPSFTPHTHREDGPATLPHG,False,51,train
FOidr_030,FOidr,CBFA2T3_GLIS2; PAX5_CBFA2T3; PIEZO1_CBFA2T3,AQHEQLLLDASASSPIDSSELLLEVNENGKRRTPDRTKENGSDRDPLHPEHLSKRPCTLNPAQRYSPSNGPPQPTPPPHYRLEDIAMAHHFRDAYRHPDPRELRERHRPLVVPGSRQEEVIDHKLTER,False,51,train
FOidr_031,FOidr,CBFA2T3_GLIS2,EAVNEVKRQAMSELQKAVSDAERKAHELITTERAKMERALAEAKRQASEDALTVINQQEDSSED,False,51,train
FOidr_032,FOidr,CBFA2T3_GLIS2,AGGKAEGEKGRGSVPTRALGMEGHKTPLERTESSCSRPSPDGLPLLPGTVLDLSTGVNSAASSP,False,51,train
FOidr_033,FOidr,CCDC6_RET,STPSDSLIYDDGLSEEETPLVDCNNAPLPRALPSTWIENKLYGMSDPNWPGESPVPLTRADGTNTGFPRYPNDSVYANWMLSPSAAKLMDTFDS,False,28,train
FOidr_034,FOidr,CD44_PDHX,WKHVEIPKDVGPPPPVSKPSEPRPSPEPQISIPVKKEHIPGTLRFRLSPAARNILEKHSLDASQGTATGPRGIFTKEDALKLVQLKQTGKITESRPTPAPTATPTAPSPLQATAGPSYPRPVIPPVSTPGQPNAVGTFTE,False,29,train
FOidr_036,FOidr,COL3A1_CLU,PPTAPTRPPNGQGPQGPKGDPGPPGIPGRNGDPGIPGQPGSPGSPGPPGICESCPTGPQNYSPQYDSYDVKSGVAVGGLAGYPGPAGPPGPPGPPGTSGHPGSPGSPGYQGPPGEPGQAGPSGPPGPPGAIGPSGPAGKDGESGRPGRPGERGLPGPPGIKGPAGIPGFPGMKGHRGFDGRNGEKGETGAPGLKGENGLPGENGAPGPMGPRGAPGERGRPGLPGAAGARGNDGARGSDGQPGPPGPPGTAGFPGSPGAKGEVGPAGSPGSNGAPGQRGEPGPQGHAGAQGPPGPPGINGSPGGKGEMGPAGIPGAPGLMGARGPPGPAGANGAPGLRGGAGEPGKNGAKGEPGPRGERGEAGIPGVPGAKGEDGKDGSPGEPGANGLPGAAGERGAPGFRGPAGPNGIPGEKGPAGERGAPGPAGPRGAAGEPGRDGVPGGPGMRGMPGSPGGPGSDGKPGPPGSQGESGRPGPPGPSGPRGQPGVMGFPGPKGNDGAPGKNGERGGPGGPGPQGPPGKNGETGPQGPPGPTGPGGDKGDTGPPGPQGLQGLPGTGGPPGENGKPGEPGPKGDAGAPGAPGGKGDAGAPGERGPPGLAGAPGLRGGAGPPGPEGGKGAAGPPGPPGAAGTPGLQGMPGERGGLGSPGPKGDKGEPGGPGADGVPGKDGPRGPTGPIGPPGPAGQPGDKGEGGAPGLPGIAGPRGSPGERGETGPPGPAGFPGAPGQNGEPGGKGERGAPGEKGEGGPPGVAGPPGGSGPAGPPGPQGVKGERGSPGGPGAAGFPGARGLPGPPGSNGNPGPPGPSGSPGKDGPPGPAGNTGAPGSPGVSGPKGDAGQPGEKGSPGAQGPPGAPGPLGIAGITGARGLAGPPGMPGPRGSPGPQGVKGESGKPGANGLSGERGPPGPQGLPGLAGTAGEPGRDGNPGSDGLPGRDGSPGGKGDRGDHYLPFSLPH,False,30,val
FOidr_037,FOidr,CREBBP_ATG10,MAENLLDGPPNPKRAKLSSPGFSANDSTDFGSLFDLENDLPDELIPNGGELGLLNSGNLVPDAASKHKQLSELLRGGSGSSINPGIGNVSASSPVQQGLGGQAQGQPNSANMASLSAMGKSPLSQGDSSAPSLPKQAASTSGPTPAASQALNPQAQKQVGLATSSPATSQTGPGICVNANFNQTHPGLLNSNSGHSLINQASQGQAQVMNGSLGAAGRGRGAGMPYPTPAMQGASSSVLAETLTQVSPQMTGHAGLNTA,False,7,train
FOidr_038,FOidr,CREBBP_ZNF384,MAENLLDGPPNPKRAKLSSPGFSANDSTDFGSLFDLENDLPDELIPNGGELGLLNSGNLVPDAASKHKQLSELLRGGSGSSINPGIGNVSASSPVQQGLGGQAQGQPNSANMASLSAMGKSPLSQGDSSAPSLPKQAASTSGPTPAASQALNPQAQKQVGLATSSPATSQTGPGICMNANFNQTHPGLLNSNSGHSLINQASQGQAQVMNGSLGAAGRGRGAGMPYPTPAMQGASSSVLAETLTQVSPQMTGHAGLNTAQAGGMAKMGITGNTSPFGQPFSQAGGQPMGATGVNPQLASKQSMVNSLPTFPTDIKNTSVTNVPNMSQMQTSVGIVPTQAIATGPTADPEKRKL,False,7,train
FOidr_039,FOidr,CREBBP_ZNF384,ASDKRNQQTILGSPASGIQNTIGSVGTGQQNATSLSNPNPIDPSSMQRAYAALGLPYMNQPQTQLQPQVPGQQPAQPQTHQQMRTLNPLGRMEESHFNSNPYFWPSIPTVSGQIENTMFINKMKDQLLPEKGCGLAPPHYPTLLTVPASVSLPSGISMDTESKSDQLTPHSQASVTQNITVVPVPSTGLMTAGVSCSQRWRREGSQSRGPGLVITSPSGSLVTTASSAQTFPISAPMIVSALPPGSQALQVVPDLSKKVASTLTEEGGGGGGGGGSVAPKPPRGRKKKRMLESGLPEMNDPYVLSPEDDDDHQKDG,False,7,train
FOidr_042,FOidr,CSF2RA_CRLF2; IGH_CRLF2,SVPDPKSIFPGLFEIHQGNFQEWITDTQNVAHLHKMAGAEQESGPEEPLVVQLAKTEAESPRMLDPQTEEKEASGGSLQLPHQPLQGGDVVTIGGFTFVMNDRSYVAL,False,31,val
FOidr_043,FOidr,CTNNB1_ULK4,MATQADLMELDMAMEPDRKAAVSHWQQQSYLDSGIHSGATTTAPSLSGKGNPEEEDVDTSQVLYE,False,32,train
FOidr_044,FOidr,CUX1_NUTM1,KNQAETIALEKEQKLQNDFAEKERKLQETQMSTTSKLEEAEHKVQSLQTALEKTRTELFDLKTKYDEETTAKADEIEMIMTDLERANQRAEVAQREAETLREQLSSANHSLQLASQIQKAP,False,2,train
FOidr_045,FOidr,CUX1_NUTM1,KLRENSASQISQLEQQLSAKNSTLKQLEEKLKGQADYEEVKKELNILKSMEFAPSEGAGTQDAAKPLEVLLLEKNRSLQSENAALRISNSDLSGSARRKGKDQPESRRPGSLPAPPPSQLPRNPGEQASNTNGTHQFSPAGLSQDFFSSSLASP,False,2,train
FOidr_046,FOidr,CUX1_NUTM1,SKAMQEAGSTSMIFSTGPYSTNSISSQSPLQQSPDVNGMAPSPSQSESAGSVSEGEEMDTAEIARQVKE,False,2,train
FOidr_047,FOidr,CUX1_NUTM1,RPKPWNKLTVRGKEPFHKMKQFLSDEQNILALRSIQGRQRENPGQSLNRLFQEVPKRRNGSEGNITTRIRASETGSDEAIKSILEQAKRELQVQKTAEPAQPSSASGSGNSDDAIRSILQQARREMEAQQAALDPALKQAPLSQSDITILTPKLLSTSPMPTVSSYPPLAISLKKPSAAPEAGASALPNPPALKKEAQDAPGLDPQGAADCAQGVLRQVKNEVGRSGAWKDHWWSAVQPERRNAASSEEAKAEETGGGKEKGSGGSGGGSQPRAERSQLQGPSSSEYWKEWPSAESPYSQSSELSLTGASRSETPQNSPLPSSPIVPMSKPTKPSVPPLTPEQYEVYM,False,2,train
FOidr_049,FOidr,DCAF15_ZNF333,SAGTPPCKPSCVSQLGQRAEPKATERGILRATGVAWESQLKPEELPSMQDLLEEASSRDMQMGPGLFLRMQLVPSIEERETPLTREDRPALQEPPWSLGCTGLKAAMQIQRVVIPVPTLGHRNPWVARDSAVPARDPAWLQEDKVEEEAMAPGLPTACSQEP,False,33,train
FOidr_052,FOidr,DDX3X_MRAS,MSHVAVENALGLDQQFAGLDLNSSDNQSGGSTASKGRYIPPHLRNREATKGFYDKDSSGWSSSKDKDAYSSFGSRSDSRGKSSFFSDRGSGSRGRFDDRGRSDYDGIGSRGDRSGFGKFERGGNSRWCDKSDEDDWSKPLPPSERLEQELFSGGNTGINFEKYDDIPVEATGNNCPPHIESFS,False,34,val
FOidr_054,FOidr,EBF1_PDGFRB,DTSSVLYTAVQPNEGDNDYIIPLPDPKPEVADEGPLEGSPSLASSTLNEVNTSSTISCDSPLEPQDEPEPEPQLELQVEPEPELEQLPDSGCPAPRAEAEDSFL,False,35,test
FOidr_055,FOidr,EML4_BRAF,ISEDHVASVKKSVSSKGQPSPRAVIPMSCITNGSGANRKPSHTSAVSIAGKETLSSAAKSGTEKKKEKPQGQREKKEESHSNDQSPQIRASPSPQPSSQPLQIHRQTPESKNATPTKSIKRPSPAEKSHNSWENSDDSRNKLSKIPSTPKLIPKVTKTADKHKDVIINQGSTTGLSATPPASLPGSLTNVKALQKSPGPQRERKSSSSSEDRNRMKTLGRRDSSDDWEIPDGQIT,False,36,test
FOidr_056,FOidr,EP300_ZNF384,MAENVVEPGPPSAKRPKLSSPALSASASDGTDFGSLFDLEHDLPDELINSTELGLTNGGDINQLQTSLGMVQDAASKHKQLSELLRSGSSPNLNMGVGGPGQVMASQAQQSSPGLGLINSMVKSPMTQAGLTSPNMGMGTSGPNQGPTQSTGMMNSPVNQPAMGMNTGMNAGMNPGMLAAGNGQGIMPNQVMNGSIGAGRGRQNMQYPNPGMGSAGNLLTEPLQQGSPQMGGQTGLRGPQPLKMGMMNNPNPYGSPYTQNPGQQIGASGLGLQIQTKTVLSNNLSPFAMDKKAVPGGGMPNMGQQPAPQVQQPGLVTPVAQGMGSGAHTADPEKRKLIQ,False,7,train
FOidr_057,FOidr,EP300_ZNF384,YQVNQMPTQPQVQAKNQQNQQPGQSPQGMRPMSNMSRMEESHFNSNPYFWPSIPTVSGQIENTMFINKMKDQLLPEKGCGLAPPHYPTLLTVPASVSLPSGISMDTESKSDQLTPHSQASVTQNITVVPVPSTGLMTAGVSCSQRWRREGSQSRGPGLVITSPSGSLVTTASSAQTFPISAPMIVSALPPGSQALQVVPDLSKKVASTLTEEGGGGGGGGGSVAPKPPRGRKKKRMLESGLPEMNDPYVLSPEDDDDHQKDG,False,7,train
FOidr_059,FOidr,EP400_SFSWAP,SGGHFVFQDGSGLTQIAQGAQVQLQHPGTPITVRERRPSQPHTQSGGTIHHLGPQSPAAAGGAGLQPLASPSHITTANLPPQISSIIQGQLVQQQQVLQGPPLPRPLGFERTPGVLLPGAGGAAGFGMTSPPPPTSPSRTAVPPGLSSLPLTSVGNTGMKKVPKKLEEIPPASPEMAQMRKQC,False,5,train
FOidr_061,FOidr,ERBB2_PPP1R1B,HLQSISNLNENQASEEEDELGELRELGYPREEDEEEEEDDEEEEEEEDSQAEVLKVIRQSAGQKTTCGQGLEGPWERPPPLDESERDGGSEDQVEDPALSEPGEEPQRPSPSEPGT,False,37,train
FOidr_063,FOidr,ETV6_NTRK3; ETV6_RUNX1; PAX5_ETV6,PGNSIHTQPEVILHQNHEEDNCVQRTPRPSVDNVHHNPPTIELLHRSRSPITTNHRPSPDPEQRPLRSPLDNMIRRLSPAERAQGPRPHQENNHQESYPLSVSPMENNHCPASSESHPKPSSPRQESTRVIQLMPSPIMHPLILNPRHSVDFKQSRLSEDGLHREGKPINLSH,False,38,train
FOidr_064,FOidr,ETV6_NTRK3; ETV6_RUNX1; PAX5_ETV6,NSIHTQPEVILHQNHEEDNCVQRTPRPSVDNVHHNPPTIELLHRSRSPITTNHRPSPDPEQRPLRSPLDNMIRRLSPAERAQGPRPHQENNHQESYPLSVSPMENNHCPASSESHPKPSSPRQESTRVIQLMPSPIMHPLILNPRHSVDFKQSRLSEDGLHREGKPINLSHREDLAYMNHIMVSVSPPEEHAMPIGR,False,38,train
FOidr_071,FOidr,HEY1_NCOA2,MKRAHPEYSSSDSELDETIEVEKESADENGNLSSALGSMSPTTSSQILARKRRRGIIEKRRRDRINNSLSELRRLVPSAFEKQGSAKLEKAEILQMTVDHLKMLHTAGGKAFNNPRPGQLGRLLPNQNLPLDITLQSPTGAGPFPPIRNSSPYSVIPQPGMMGNQGMIGNQGNLGNSSTGMIGNSASRPTMPSGEWAPQSSAVRVTCAATTSAMNRPVQGGMIRNPAASIPMRPSSQPGQRQTLQSQVMNIGPSELEMNMGGPQYSQQQAPPNQTAPWPESILPIDQASFASQNRQPFGSSPDDLLCPHPAAESPSDEGALLDQ,False,9,val
FOidr_074,FOidr,ITSN2_ADCY3,TDMAKAGQPLPLTLPPELVPPSFRGGKQIDSINGTLPSYQKMQEEEPQKKLPVTFEDKRKANYERGNMELEKRRQALMEQQQREAERKAQKEKEEWERKQRE,False,39,train
FOidr_075,FOidr,JAK2_TPR,TQGDYTPMEDSEETSQSLQIDLGPLQSDQQTTTSSQDGQGKGDDVIVIDSDDEEEDDDENDGEHEDYEEDEEDDDDDEDDTGMGDEGEDSNEGTGSADGNDGYEADDAEGGDGTDPGTETEESMGGGEGNHRAADSQNSGEGNTGAAESSFSQEVSREQQPSSASERQAPRAPQSPRRPPHPLPPRLTIHAPPQELGPPVQRIQMTRRQSVGRGLQLTPGIGGMQQHFFDDEDRTVPSTPTLVVPHRTDGFAEAIHSPQVAGVPRFRFGPPEDMPQTSSSHSDLGQLASQGGLGMYETPLFLAHEEESGGRSVPTTPLQVAAPVTVFTESTTSDASEHASQSVPMVTTSTGTLSTTNETATGDDGDEVFVEAESEGISSEAGLEIDSQQEEEPVQASDESDLPSTSQDPPSSSSVDTSSSQPKPFRRVRLQTTLRQGVRGRQFNRQRGVSHAMGGRGGINRGNIN,False,40,train
FOidr_077,FOidr,KDM2A_C11orf80,QLTLEKKDSAQGTEDAPDNSSLELLADTSGQAENKRLKRGSPRIEEMRALRSARAPSPSEAAPRRPEATAAPLTPRGREHREAHGRALAPGRASLGSRLEDVLWLQEVSNLSEWLSPSPGP,False,41,test
FOidr_083,FOidr,KMT2A_AFDN,SDSRDKPKLYRLQLSVTEVGTEKLDDNSIQLFGPGIQPHHCDLTNMDGVVTVTPRSMDAETYVEGQRISETTMLQ,False,10,train
FOidr_084,FOidr,KMT2A_AFDN,HALAKRSVDGGLMVKGPRHKPGIVQETTFDLGGDIHSGTALPTSKSTTRLDSDRVSSASSTAERGMVKPMIRVEQQPDYRRQESRTQDASGPELIL,False,10,train
FOidr_086,FOidr,KMT2A_AFDN; KMT2A_EPS15; KMT2A_MLLT1; KMT2A_MLLT10,IIKTPRRFIEDEDYDPPIKIARLESTPNSRFSAPSCGSSEKSSAASQHSSQMSSDSSRSSSPSVDTSTDSQASEEIQVLPEERSDTPEVHPPLPISQSPENESNDRRSRRYSVSERSFGSRTTKKLSTLQSAPQQQTSSSPPPPLLTPPPPLQPASSISDHTPWLMPPTIPLASPFLPASTAPMQGKRKSILREPTFRWTS,False,10,train
FOidr_088,FOidr,KMT2A_EPS15,LQREKNNVEQDLKEKEDTIKQRTSEVQDLQDEVQRENTNLQKLQAQKQQVQELLDELDEQKAQLEEQLKEV,False,10,train
FOidr_089,FOidr,KMT2A_EPS15,KAELTSQESQISTYEEELAKAREELSRLQQETAELEESVESGKAQLEPLQQHLQDSQQEISSMQMKLMEMKDLENHNSQLNWCS,False,10,train
FOidr_090,FOidr,KMT2A_EPS15,DYCSLSTSSSETANLNEHVEGQSNLESEPIHQESPARSSPELLPSGVTDENEVTTAVTEKVCSELDNNRHSKEEDPFNVDSSSLTGPVADTNLDFFQSDPFVGSDPFKDDPFGKIDPFGGDPF,False,10,train
FOidr_091,FOidr,KMT2A_EPS15,LSKVNNEDPFRSATSSSVSNVVITKNVFEETSVKSEDEPPALPPKIGTPTRPCPLPPGKRSINKLDSPDPFKLNDPFQPFPGNDSPKEKDPEIFCDPFTSATTTTNKEADPSNFANFSAYPSEEDMIEWAKRESEREEEQRLARLNQQEQEDLELAIALSKSEISEA,False,10,train
FOidr_094,FOidr,KMT2A_MLLT10,FQQLLNSQQLTPEQHQAFLYQLMQHHHQQHHQPELQQLQIPGPTQIPINNLLAGTQAPPLHTATTNPFLTIHGDNASQKVARLSDKTGPVAQEKS,False,10,train
FOidr_095,FOidr,LEF1_TAF8,MAEVARQAQTSQEPYHDKAREHPDDGKHPDGGLYNKGPSYSSYSGYIMMPNMNNDPYMSNGSLSPPIPRTRSGSKQSTNPADNYHLARRR,False,42,train
FOidr_096,FOidr,LEF1_TAF8,RSQRMVITAPPVTNQPVTPKALTAGQNRPHPPHIPSHFPEFPDPHTYIKTPTYREPVSDYQVLREKAASQRRDVERALTRFMAKTGETQSLFKD,False,42,train
FOidr_097,FOidr,LEF1_TAF8,LLPSELEMQQMEETDSSEQDEQTDTENLALHISMEDSGAEKENTSVLQQNPSLSGSRNGEENIIDNPYLRPVKKPKIRRKKSLS,False,42,train
FOidr_098,FOidr,LMX1B_GTF3C5,IHRNDGAENSCTERDGWCLPKTSDELRDTMSLMIRQTIRSKRPALFSSSAKADGGKEQLTYESGEDEEDEEEEEEEEEDFKPSDGSENEMETEILDYV,False,43,train
FOidr_101,FOidr,MBNL1_MEIS2,RRIVQPMIDQSNRAVSQGAAYSPEGQPMGSFVLDGQQHMGIRPAGLQSMPGDYVSQGGPMGMSMAQPSYTPPQMTPHPTQLRHGPPMHSYLPSHPHHPAMMMHGGPPTHPGMTMSAQSPTMLNSVDPNVGGQVMDIHAQ,False,11,test
FOidr_102,FOidr,MED13L_COL23A1,MTAAANWVANGASLEDCHSNLFSLGDQGQDGAAGPPGPPGPPGARGPPGDTGKDGPRGAQGPAGPKGEPGQDGEMGPKGPPGPKGEPGVPGKKGDDGTPSQPGPPGPKGEPGSMGPRGENGVDGAPGPKGEPGHRGTDGAAGPRGAPGLKGEQGDTVVIDYDGRILDALKGPPGPQGPPGPPGIPGAKGELGLPGAPGIDGEKGPKGQKGDPGEPGPAGLKGEAGEMGLSGLPGADGLKGEKGESASDSLQESLAQLIVEPGPPGPPGPPGPMGLQGIQGPKGLDGAKGEKGASGERGPSGLPGPVGPPGLIGLPGTKGEKGRPGEPGLDGFPGPRGEKGDRSERGEKGERGVPGRKGVKGQKGEPGPPGLDQPCPVGPDGLPVPGCWHK,False,44,val
FOidr_105,FOidr,MEF2D_HNRNPUL1,FAMPVTVPVSNQSSLQFSNPSGSLVTPSLVTSSLTDPRLLSPQQPALQRNSVSPGLPQRPASAGAMLGGDLNSANGACPSPVGNGYVSARASPGLLPVANGNSLNKVIPAKSPPPPTHSTQLGAPSRKPDLRVITSQAGKGLMHHLTEDHLDLNNAQRLGVSQSTHSLTTPVVSVATPSLLSQGLPFSSMPTAYNTANF,False,45,train
FOidr_106,FOidr,MEF2D_HNRNPUL1,EADKLVRQYNEEGRKAGPPPEKRFDNRGGGGFRGRGGGGGFQRYENRGPPGGNRGGFQNRGGGSGGGGNYRGGFNRSGGGGYSQNRWGNNNRDNNNSNNRGSYNRAPQQQPPPQQPPPPQPPPQQPPPPPSYSPARNPPGASTYNKNSNIPGSSANTSTPTVSSYSPPQPSYSQPPYNQGGYSQGYTAPPPPPPPPPAYNYGSYGGYNPAPYTPPPPPTAQTYPQPSYNQYQQYAQQWNQYYQNQGQWPPYYGNYDYGSYSGNTQGGTSTQ,False,45,train
FOidr_108,FOidr,MFF_ERBB4,TSRARIDSNRSEIGHSPPPAYTPMSGNQFVYRDGGFAAEQGVSVPYRAPTSTIPEAPVAQGATAEIFDDSCCNGTLRKPVAPHVQEDSSTQRYSADPTVFAPERSPRGELDEEGYMTPMRDKPKQEYLNPVEENPFVSRRKNGDLQALDNPEYHNASNGPPKAEDEYVNEPLYL,False,46,train
FOidr_109,FOidr,MKRN1_BRAF,PMDAAQRSQHIKDLIRDQGFRGDGGSTTGLSATPPASLPGSLTNVKALQKSPGPQRERKSSSSSEDRNRMKTLGRRDSSDDWEIPDGQIT,False,36,test
FOidr_110,FOidr,MSH6_FBXO11,YSFFPKSPALSDANKASARASREGGRAAAAPGASPSPGGDAAWSEAGPGPRPLARSASPPKAKNLNGGLRRSVAPA,False,47,test
FOidr_111,FOidr,MTF1_SF3A3,MGEHSPDNNIIYFEAEEDELTPDDKMLRFVDKNGLVPSSSGTVYDRTTVLIEQDPGTLEDEDDDGQCGEHLPFLVGGEEGFHLIDHEAMSQGYVQHIISPDQIHLTINPGSTPMPRNIEGATLTLQSECPETKRKEEQRHLTHENVQRKQARTGEEREEEEEEQISESESEDEENEIIYNPK,False,48,val
FOidr_112,FOidr,MYDGF_DNM2,ISTSTVSTPVPPPVDDTWLQSASSHSPTPQRHPVSSIHPPGRPPAVRGPTPGPPLIPVPVGAAASFSAPPIPSRPGPQSVFANSDLFPAPPQIPSRPVRIPPGIPPGVPSRRPPAAPSRPTIIRPAEPSLLD,False,49,test
FOidr_113,FOidr,NDRG1_ERG; TMPRSS2_ERG,YPEATQRITTRPDLPYEPPRRSAWTGHGHPTPQSKAAQPSPSTVPKTEDQRPQLDPYQILGPTSSRLANP,False,7,train
FOidr_116,FOidr,NPTN_CLUAP1,SATRKNASNMEYRINKPRAEDSGEYHCVYHFVSAPKANATIEVKGNDDSDIDIQEDDESDSELEERRLPKPQTAMEMLMQGRPGKRIVGTMQGGDSDDNEDSEESEIDMEDDDDEDDDLEDESISLSPTKPNRRVRKSEPLDESDNDF,False,50,train
FOidr_118,FOidr,NUP98_HOXD13; NUP98_KDM5A; NUP98_NSD1,SQNNAFAQNKPTGFGNFGTSTSSGGLFGTTNTTSNPFGSTSGSLFGPSSFTAAPTGTTIKFNPPTGTDTMVKAGVSTN,False,14,test
FOidr_119,FOidr,NUP98_HOXD13; NUP98_KDM5A; NUP98_NSD1,GTGGFGTTSTFGQNTGFGTTSGGAFGTSAFGSSNNTGGLFGNSQTKPGGLFGTSSFSQPATSTSTGFGFGT,False,14,test
FOidr_120,FOidr,NUP98_HOXD13; NUP98_KDM5A; NUP98_NSD1,KTAFGTSTTGFGTNPGGLFGQQNQQTTSLFSKPFGQATTTQNTGFSFGNTSTIGQPSTNTMGLFGVTQASQPGGLFGTATNTSTGTAFGTGTG,False,14,test
FOidr_124,FOidr,NUP98_NSD1,PCGPNPLEPGEIREYVPPPVPLPPGPSTHLAEQSTGMAAQAPKMSDKPPADTNQMLSLSKKALAGTCQRPLLPERPLERTDSRPQPLDKVRDLAGSGTKSQSLVSSQRPLDRPPAVAGPRPQLSDKPSPVTSPSSSPSVRSQPLERPLGTADPRLDKSIGAASPRPQSLEKTSVPTGLRLPPPDRLLITSSPKPQTSDRPTDKPHASLSQRLPPPEKVLSAVVQTLVAKEKALRPVDQNTQSKNRAALVMDLIDLTPRQKERAASPHQVTPQADEKMPVLESSSWPASKGLGHMPRAVEKGCVSDPLQTSGKAAAPSEDPWQAVKSLTQARLLSQPPAKAFLYEPTTQASGRASAGAEQTPGPLSQSPGLVKQAKQMVGGQQLPALAAKSGQSFRSLGKAPASLPTEEKKLVTTEQSPWALGKA,False,14,test
FOidr_126,FOidr,PAX3_FOXO1,LRSKFGKGEEEEADLERKEAEESEKKAKHSIDGILSERASAPQSDEGSDIDSEPDLPLKRKQRRSRTTFTAEQLEELERAFERTHYPDIYTREELAQRAK,False,15,val
FOidr_128,FOidr,PAX5_BZW1; PAX5_CBFA2T3; PAX5_FOXP1; PAX5_JAK2; PAX5_NCOA5; PAX5_NOL4L; PAX5_PAX5; PAX5_ZCCHC7; PAX5_ZNF521; ZCCHC7_PAX5,SINRIIRTKVQQPPNQPVPASSHSIVSTGSVTQVSSVSTDSAGSSYSISGILGITSPSADTNKRKRDEGIQESPVPNGHSLPGRDFLRKQMR,False,51,train
FOidr_129,FOidr,PAX5_BZW1; PAX5_CBFA2T3; PAX5_FOXP1; PAX5_JAK2; PAX5_NCOA5; PAX5_NOL4L; PAX5_PAX5; PAX5_ZCCHC7; PAX5_ZNF521; ZCCHC7_PAX5,SINRIIRTKVQQPPNQPVPASSHSIVSTGSVTQVSSVSTDSAGSSYSISGILGITSPSADTNKRKRDEGIQESPVPNGHSLPGRDFLRKQMRG,False,51,train
FOidr_130,FOidr,PAX5_BZW1; PAX5_CBFA2T3; PAX5_FOXP1; PAX5_JAK2; PAX5_NCOA5; PAX5_NOL4L; PAX5_PAX5; PAX5_ZCCHC7; PAX5_ZNF521; ZCCHC7_PAX5,SINRIIRTKVQQPPNQPVPASSHSIVSTGSVTQVSSVSTDSAGSSYSISGILGITSPSADTNKRKRDEGIQESPVPNGHSLPGRDFLRKQMRGDL,False,51,train
FOidr_131,FOidr,PAX5_BZW1; PAX5_CBFA2T3; PAX5_ESRRA; PAX5_FOXP1; PAX5_JAK2; PAX5_KANK1; PAX5_NCOA5; PAX5_NOL4L; PAX5_PAX5; PAX5_ZCCHC7; PAX5_ZNF276; PAX5_ZNF521; ZCCHC7_PAX5,IRTKVQQPPNQPVPASSHSIVSTGSVTQVSSVSTDSAGSSYSISGILGITSPSADTNKRKRDEG,False,51,train
FOidr_132,FOidr,PAX5_BZW1,SDIFTTTEPIKPEQTTEYSAMASLAGGLDDMKANLASPTPADIGSSVPGPQSYPIVTDEKER,False,51,train
FOidr_133,FOidr,PAX5_CBFA2T3,SINRIIRTKVQQPPNQPVPASSHSIVSTGSVTQVSSVSTDSAGSSYSISGILGITSPSADTNKRKRDEGIQESPVPNGHSLPGRDFLRKQMRGDLFTQQQLEVLDRVFERQHYSDIFTTTEPIKPEQTTEYSAMASLAGGLDDMKANLASPTPADIGSSVPGPQSYPIVTAPVDRKAKASAMPDSPAEVKTQPRSTPPSMPPPPPAASQGATRPPSFTPHTHREDGPATLPHG,False,51,train
FOidr_134,FOidr,PAX5_CBFA2T3; PIEZO1_CBFA2T3,RKAEEAVNEVKRQAMSELQKAVSDAERKAHELITTERAKMERALAEAKRQASEDALTVINQQEDSSESC,False,51,train
FOidr_135,FOidr,PAX5_CBFA2T3; PIEZO1_CBFA2T3,HHVCGQSLQGPTAVVADPVPGPPEAAHSLGPSLPVGAASPSEAGSAGPSRPGSPSPPGPLDTVPR,False,51,train
FOidr_136,FOidr,PAX5_ESRRA,MFAWEIRDRLLAERVCDNDTVPSVSSINRIIRTKVQQPPNQPVPASSHSIVSTGSVTQVSSVSTDSAGSSYSISGILGITSPSADTNKRKRDEGSIEYSCPA,False,51,train
FOidr_137,FOidr,PAX5_FOXP1,IQPGQPALPLQPLAQGMIPTELQQLWKEVTSAHTAEETTGNNHSSLDLTTTCVSSSAPSKTSLIMNPHASTNGQLSVHTPKRESLSHEEHPHSHPLYG,False,51,train
FOidr_138,FOidr,PAX5_FOXP1,NSEHALDDRSTAQCRVQMQVVQQLELQLAKDKERLQAMMTHLHVKSTEPKAAPQPLNLVSSVTLSKSASEASPQSLPHTPTTPTAPLTPVTQGPSVITTTSMHTVG,False,51,train
FOidr_139,FOidr,PAX5_FOXP1,ENSIPLYTTASMGNPTLGNLASAIREELNGAMEHTNSNESDSSPGRSPMQAVHPVHVKEEPLDPEEAEGPLSLVTTANHSPDFDHDRDYEDEPVNEDME,False,51,train
FOidr_140,FOidr,PAX5_JAK2,SINRIIRTKVQQPPNQPVPASSHSIVSTGSVTQVSSVSTDSAGSSYSISGILGITSPSADTNKRKRDEGIQESPVPNGHSLPGRDFLRKQMRGDLFTQQQLEVLDRVFERQHYSDIFTTTEPIKPEQTTEYSAMASLAGGLDDMKANLASPTPADIGSSVPGPQSYPIVTGRDLASTTLPGYPPHVPPAGQGSYSAPTLTGMVPDYELL,False,51,train
FOidr_141,FOidr,PAX5_NCOA5,SVSSINRIIRTKVQQPPNQPVPASSHSIVSTGSVTQVSSVSTDSAGSSYSISGILGITSPSADTNKRKRDEGIQESPVPNGHSLPGRDFLRKQMRGDLFTQQQLEVLDRVFERQHYSDIFTTTEPIKPEQTTEYSAMASLAGGLDDMKANLASPTPADIGSSVPGPQSYPIVTGRDLASTTLPGYPPHVPPAGQGSYSAPTLTGMVPDINKAAERRNMNTAPSRPSPTRRDPYGFGDSRDSRDPMYRREGSYDRY,False,51,train
FOidr_142,FOidr,PAX5_NCOA5,DKIINYLRERKERLMRSSTDSLPGPISRQPLGATSGASLKTQPSSQPLQSGQVLPSATPTPSAPPTSQQELQAKILSLFNSGTVTANSSSASPSVAAGNTPNQNFSTAANSQPQQRSQASGNQPPSILGQGGSAQNMGPRPGAPSQGLFGQPSSRLAPASNMTSQRPVSSTGINFDNPSVQKALDTLIQSGPALSHLVSQTTAQMGQPQAPMGSYQRHY,False,51,train
FOidr_143,FOidr,PAX5_NOL4L,SINRIIRTKVQQPPNQPVPASSHSIVSTGSVTQVSSVSTDSAGSSYSISGILGITSPSADTNKRKRDEGIQESPVPNGHSLPGRDFLRKQMRGDLFTQQQLEVLDRVFERQHYSDIFTTTEPIKPEQTTEYSAMASLAGGLDDMKANLASPTPADIGSSVPGPQSYPIVTGRDLASTTLPGYPPHVPPAGQGSYSAPTLTGMVPDDSSSESGSGNGSSTLNPSTSSSTQGDPAFPEMNGNGAVAPMDFTTAAEDQPINLCDKLPPATALGTASYPSDGCGADGLRSRVKYGVKTTPESPPYSSGSYDSIKTEVSGCPEDLTVGRAPTADDDDDDHDDHEDNDKMNDSEGMDPERL,False,51,train
FOidr_144,FOidr,PAX5_NOL4L,SCRRMKKNGMEMTRPTPPHLTSAMAENILAAACESETRKAAKRMRLEIYQSSQDEPIALDKQHSRDSAAITHSTYSLPASSYSQD,False,51,train
FOidr_145,FOidr,PAX5_NOL4L,ALSSNLQPPASLQTGNHSNGPTDLSMKGGASTTSTTPTPTPSSTSTSRPVPTAQLSPTEISA,False,51,train
FOidr_148,FOidr,PAX5_ZNF276,MFAWEIRDRLLAERVCDNDTVPSVSSINRIIRTKVQQPPNQPVPASSHSIVSTGSVTQVSSVSTDSAGSSYSISGILGITSPSADTNKRKRDEGAGRALAMGHCRLCHGKFSSRSLRSISERAPGASMERPSAE,False,51,train
FOidr_149,FOidr,PAX5_ZNF276,WDKETAPRLPQHRGWNPGDAPQTSQGRGTGTPVGAETKTLPSTDVAQPPSDSDAVGPRSGFPPQPSLPLCRAPGQLGEKQLPSSTSDDRVKDEFSDLSEGDVLSEDENDKKQNAQSSDESFEPYPERKVSGKKSESKEAKKSEEPRIRKKPGPKPGWKKKL,False,51,train
FOidr_150,FOidr,PAX5_ZNF521,SINRIIRTKVQQPPNQPVPASSHSIVSTGSVTQVSSVSTDSAGSSYSISGILGITSPSADTNKRKRDEGIQESPVPNGHSLPGRDFLRKQMRGDLFTQQQLEVLDRVFERQHYSDIFTTTEPIKPEQTTEYSAMASLAGGLDDMKANLASPTPADIGSSVPGPQSYPIVTDGVDVEDDPTCSWPASSPSSKDQTSPSHGEGCDFGEE,False,51,train
FOidr_151,FOidr,PAX5_ZNF521,SHMDSHQQPESCNHSNSPSLVTVGYTSVSSTTPDSNLSVDSSTMVEAAPPIPKSRGRKRAAQQTPDMTGPS,False,51,train
FOidr_152,FOidr,PAX7_FOXO1,KKEEEDEADKKEDDGEKKAKHSIDGILGDKGNRLDEGSDVESEPDLPLKRKQRRSRTTFTAEQLEELEKAFERTHYPDIYTREELAQRTKLT,False,15,val
FOidr_154,FOidr,PCBD2_KRT13,MAAVLGALGATRRLLAALRGQSLGLAAMSSGTHRLTAEERNQAILDLKAAGWSELSERDAIYKEFSFHNFNQGFGGGYGGGLGGGYGGGLGGGFGGGFAGGFVDFGACDGGL,False,52,train
FOidr_155,FOidr,PIEZO1_CBFA2T3,DRKAKASAMPDSPAEVKTQPRSTPPSMPPPPPAASQGATRPPSFTPHTLMNGSSHSPTAINGAPCTPNGFSNGPATSSTASLSTQHLPPAC,False,51,train
FOidr_156,FOidr,PML_RARA,LKMEIPGSMPPLIQEMLENSEGLDTLSGQPGGGGRDGGGLAPPPGSCSPSLSPSSNRSSPATHSP,False,53,test
FOidr_157,FOidr,PPP2CA_CDKL3,KSLCEKSQMEKGIFNERTGHSDQMANENKRKLNFSRSDRKEFHFPELPVTIQSKDTKGMEVKQIKMLKRESKKTESSKIPTLLNVDQNQEKQEGGDGHCEGK,False,54,test
FOidr_158,FOidr,PTK2_PSMA7,MRMESRRQATVSWDSGGSDEAPPKPSRPGYPSPRSSEGFYPSPQHMVQTNHYQVSGYPGSHGITAMAGSIYPGQASLLDQTDSWNHRPQEIAMWQPNVEDSTVLDLRGIGQVLPTHLMEERLIRQQQEMEEDQRWLEKEERFLKPDVRLSRGSIDREDGSLQGPIGNQHIYQPVGKPDPAAPPKKPPRPGAPGHLGSLASLSSPADS,False,55,val
FOidr_159,FOidr,RABGAP1L_BCAS3,HMSPRVVNRMSRFQKSAGLEEIEQELTSKQGGRCSPVPGLSSSPSGSPLHGKLNSQDSYNNFTNNNPGNPRLSPLPSL,False,56,train
FOidr_160,FOidr,RABGAP1L_BCAS3,GQTTVISSSSSVLQSHGPSDTPQPLLDFDTDDLDLNSLRIQPVRSDPVSMPGSSRPVSDRRGVSTVIDA,False,56,train
FOidr_161,FOidr,RABGAP1L_BCAS3,FGLRHMSSMEHTEEGLRERLADAMAESPSRDVVGSGTDTALDVAVKTFPPERHVAVKCFGKKKGKKKQCQQPSVREQPNSNKACVRDGGRTSARGKHRDSE,False,56,train
FOidr_162,FOidr,RANBP3_SLC25A23,MADLANEEKPAIAPPVFVFQKDKGQKSPAEQKNLSDSGEEPRGEAEAPHHGTGHPESAGEHALEPPAPAGASASTPPPPAPEAQLPPFPRELAGRSAGGSSPEGGEDSDREDGNYCPPVKRERTSSLTQFPPSQSEERSSGFRLKPPTLIHGQAPSAGLPSQKPKEQQRSVLRPAVLQAPQPKALSQTVPSSGTNGVSLPADCTGAVPAASPDTAAWRSPSEAA,False,57,train
FOidr_163,FOidr,RBM28_PRRT4,AVAKDKYKDTQSVSAIGEEKSHESKHQESVKKKGREEEDMEEEENDDDDDDDDEEDGVFDDEDEEEENIESKVTKPVQIQKRAVKRPAPAKSSDHSEEDSDLEESDSIDDGEELAQSDTSTEEQEDKDPTVPISGPDDLSPPASLGNPSGQPECGPGSCSVGELPEREGQPPEAPRPLFFLTLE,False,58,val
FOidr_165,FOidr,RCSD1_ABL2,MEERPAETNANVDNSASPSVAQLAGRFREQAAAAKETPASKPTRRKPPCSLPLFPPKVDLGQNGEE,False,16,val
FOidr_167,FOidr,RPRD1A_SLC39A6,DKKKKNQKKPENDDDVEIKKQLSKYESQLSTNEEKVDTDDRTEGYLRADSQEPSHFDSQQPAVLEEEEVMIAHAHPQEVYN,False,59,train
FOidr_168,FOidr,RUNX1_RUNX1T1,MASDSIFESFPSYPQCFMRECILGMNPSRDVHDASTSRRFTPPSTALSPGKMSEALPLGAPDAGAALAGKL,False,51,train
FOidr_170,FOidr,RUNX1_RUNX1T1,YLAQHEQLLLDASTTSPVDSSELLLDVNENGKRRTPDRTKENGFDREPLHSEHPSKRPCTISPGQRYSPNNGLSYQPNGLPHPTPPPPQHYRLDDMAIAHHYRDSYRHPSHRDLRDRNRPMGLHGTRQEEMIDHRLTDR,False,51,train
FOidr_171,FOidr,RUNX1_RUNX1T1,WKKAEEAVNEVKRQAMTELQKAVSEAERKAHDMITTERAKMERTVAEAKRQAAEDALAVINQQEDSSES,False,51,train
FOidr_173,FOidr,SAFB2_SAFB,MAETLPGSGDSGPGTASLGPGVAETGTRRLSELRVIDLRAELKKRNLDTGGNKSVLMERLKKAVKEEGQDPDEIGIELEATSKKSAKRCVKGLKMEEEGTEDNGLEDDSRDGQEDMEASLENLQNMGMMDMSVLDETEVANSSAPDFGEDGTDGLLDSFCDSKEYVAAQLRQLPAQPPEHAVDGEGFKNTLETSSLNFKVTPDIEESLLEPENEKILDILGETCKSEPVKEESSELEQPFAQDTSSVGPDRKLAEEEDLFDSAHPEEGDLDLASESTAHAQSSKADSLLAVVKREPAEQPGDGERTDCEPVGLEPAVEQSSAASELAEASSEELAEAPTEAPSPEARDSKEDGRKFDFDACNEVPPAPKESSTSEGADQKMSSFKEEKDIKPIIKDEKGRVGSGSGRNLWVSGLSSTTR,False,17,train
FOidr_176,FOidr,SEMA6C_DLG2,PYGPPDITHSYSPPMENHLLSGNNGTLEYKTSLPPISPGRYSPIPKHMLVDDDYTRPPEPVYSTVNKLCDKPA,False,60,val
FOidr_179,FOidr,SMARCC1_MAP4,SSKCGSKANIKHKPGGGDVKIESQKLNFKEKAQAKVGSLDNVGHLPAGGAVKTEGGGSEAPLCPGPPAGEEPAISEAAPEAGAPTSASGLNGHPTLSGGGDQREAQTLDSQIQETSI,False,61,train
FOidr_180,FOidr,SNTB2_ZCRB1,GDAAAAELEPALGPAAAAFNGLPNGGGAGDSLPGSPSRGLGPPSPPAPPRGPAGEAGASPPVRRVRV,False,62,val
FOidr_181,FOidr,SPAG9_SKAP1,IPYEEDEEEEEKEETYDDIDGFDSPSCGSQCRPTILPGSVGIKEPTEEKEEEDIYEVLPDEEHDLEEDESGTRRK,False,63,train
FOidr_183,FOidr,SSBP2_CSF1R,CEHSSEAKAFHDYSAAAAPSPVLGNIPPGDGMPVGPVPPGFFQALGGVPGSQPLLPSGMDPTRQQGHPNMGGPMQRMTPPRGMVPLGPQNYGGAMRPPLNALGGPGMPGMNMGPGGGRPWPNPTNANSIPYSSASPGNYVGPPGGGGPPGTPIMPSPADSTNSGDNMYTLMNAVPPGPNRPNFPMGPGSDGPMGGLGGMESHHMNGSLGSGDMDSISKNSPNNMSLSNQPGTPRDDGEMGGNFLNPFQSES,False,64,test
FOidr_184,FOidr,SSBP2_JAK2,CEHSSEAKAFHDYSAAAAPSPVLGNIPPGDGMPVGPVPPGFFQPFMSPRYPGGPRPPLRIPNQALGGVPGSQPLLPSGMDPTRQQGHPNMGGPMQRMTPPRGMVPLGPQSDPWLSLQNYGGAMRPPLNALGGPGMPGMNMGPGGGRPWPNPTNANSIPYSSASPGNYVGPPGGGGPPGTPIMPSPADSTNSGDNMYTLMNAVPPGPNRPNFPMGPGSDGPMGGLGGMESHHMNGSLGSGDMDSISKNESLG,False,64,test
FOidr_187,FOidr,TAF15_ZNF384,MSDSGSYGQSGGEQQSYSTYGNPGSQGYGQASQSYSGYGQTTDSSYGQNYSGYSSYGQSQSGYSQSYGGYENQKQSSYSQQPYNNQGQQQNMESSGSQGGRAPSYDQPDYGQQDSYDQQSGYDQHQGSYDEQSNYDQQHDSYSQNQQSYHSQRENYSHHTQGRMEESHFNSNPYFWPSIPTVSGQIENTMFINKMKDQLLPEKGCGLAPPHYPTLLTVPASVSLPSGISMDTESKSDQLTPHSQASVTQNITVVPVPSTGLMTAGVSCSQRWRREGSQSRGPGLVITSPSGSLVTTASSAQTFPISAPMIVSALPPGSQALQVVPDLSKKVASTLTEEGGGGGGGGGSVAPKPPRGRKKKRMLESGLPEMNDPYVLSPEDDDDHQKDG,False,7,train
FOidr_191,FOidr,TCF3_PBX1,NGDSYQGAQVGANVQSQVDTLRHVISQTGGYSDGLAASQMYSPQGISANGGWQDATTPSSVTSPTEGPGSVHSDTSN,False,7,train
FOidr_193,FOidr,THBS1_FSIP1,NCPYNHNPDQADTDNNGEGDACAADIDGDGILNERDNCQYVYNVDQRDTDMDGVGDQCDNCPLEHNPDQLDSDSDRIGDTCDNNQDIDEDGHQNNLDNCPYVPNANQADHDKDGKGDACDHDDDNDGIPDDKDNCRLVPNPDQKDSDGDGRGDACKDDFDHDSVPDIDDICPENVDISETDFRRFQMIPLDPKGTSQNDPNWVVRHQGKEL,False,65,test
FOidr_195,FOidr,TMPRSS2_ERG,MPPAPPGGESGCEERGAAGHIEHSRYLSLLDAVDNSKMALNSEALSVVSEDQSLFECAYGTPHLAKTEMTASSSSDYGQTSKMSPRVPQQDWLSQPPARVTIKMECNPSQVNGSRNSPDECSVAKGGKMVGSPDTVGMNYGSYMEEKHMPPPNMTTNERRVIVPAD,False,7,train
FOidr_197,FOidr,TMPRSS2_ETV1,AYDQKPQVGMRPSNPPTPSSTPVSPLHHASPNSTHTPKPDRAFPAHLPPSQSIPDSSYPMDHRFRRQLSEPCNSFPPLPTMPREGRPMYQRQMSEPNIPFPPQGFKQEYHDPVYEHNTMVGSAASQSFPPPLMIKQEPRD,False,7,train
FOidr_198,FOidr,TMPRSS2_ETV4,MPPAPPGGESGCEERGAAGHIEHSRYLSLLDAVDNSKMALNSKSPGNGSLREALIGPLGKLMDPGSLPPLDSEDLFQDLSHFQETWLAEAQVPDSDEQFVPDFHSENLAFHSPTTRIKKEPQSPRTDPALSCSRKPPLPYHHGEQCLYSSAYDPPRQIAIKSPAPGALGQSPLQPFPRAEQRNFLRSSGTSQPHPGHGYLGEHSSVFQQPLDICHSFTSQGGGREPLPAPYQHQLSEPCPPYPQQSFKQEYHDPLYEQAGQPAVDQGGVNGHRYPGAGVVIK,False,7,train
FOidr_200,FOidr,TRIOBP_RBFOX2,MEEVPGDALCEHFEANILTQNRCQNCFHPEEAHGARYQGNQEPTTTPDAMVQPFTTIPFPPPPQNGIPTEYGVPHTQDYAGQTGEHNLTLYGSTQAHGEQSSNSPSTQNGSLTTEGGAQTDGQQSQTQSSENSESKSTPKRLHVSNIPFRF,False,66,test
FOidr_201,FOidr,TSG101_YWHAB,ASYPPYQATGPPNTSYMPGMPGGISPYPSGYPPNPSGYPGCPYPPGGPYPATTSSQYPSQPPVTTVETERNEKKQQMGKEYREKIE,False,67,val
FOidr_202,FOidr,TTC6_MIPOL1,ASGFGTARPVVLLPPPEPPVKRRARGVLESSRHAAPRRVFHLGREREQSQEVAPLAGPCMAKERKASSVSAEDGYMEASSGRRKVRIRSNFVSESGAREAREAAGLGAQGEQESWPPSDAREAAW,False,68,train
FOidr_203,FOidr,TTC6_MIPOL1,MYLKTSPMQAETPEIQAEYKFQMGAKESQMSVHKELSETMSSILQIEQEDIEWGPSEAESIVFKPQEISQVQPAEELSKPLEDGQPTSDSKEAKWVSLTAKSPEFLQIEGKEIKRMRKRKSLRPRKSSKPLCDKKLHKNLHKSLSQEENLKD,False,68,train
FOidr_206,FOidr,UBXN4_R3HDM1,EFSSVDNIVQHSPQLSSPIISPAQSPAPAQLSTLKTVRPSGPPLSIMPQFSRPFVPGQGDSRYPLLGQPLQYNPPAVLHGHIPNQQGQPGSRHGNRGRRQAKKAASTDLGAGET,False,69,val
FOidr_207,FOidr,UBXN4_R3HDM1,DPQSQPRRHPLCCGSGDNTANPERSKPSDLASTYTVLATFPSISAAQNALKKQINSVNKFKLRTSKKHYDFHILERASSQ,False,69,val
FOidr_208,FOidr,VAV2_COL27A1,KGHKGIVGPLGPPGPKGEKGEQGEDGKAEGPPGPPGDRGPVGDRGDRGEPGDPGYPGQEGVQGLRGKPGQQGQPGHPGPRGWPGPKGSKGAEGPKGKQGKAGAPGRRGVQGLQGLPGPRGVVGRQGLEGIAGPDGLPGRDGQAGQQGEQGDDGDPGPMGPAGKRGNPGVAGLPGAQGPPGFKGESGLPGQLGPPGKRGTEGRTGLPGNQGEPGSKGQPGDSGEMGFPGMAGLFGPKGPPGDIGFKGIQGPRGPPGLMGKEGIVGPLGILGPSGLPGPKGDKGSRGDWGLQGPRGPPGPRGRPGPPGPPGGPIQLQQDDLGAAFQTWMDTSGALRPESYS,False,70,train
FOidr_210,FOidr,YAP1_MAMLD1,ASSVKPQHQHGNSFTSRQDPQPGDVSPSNITHVDKACKLGEARHPQVSLGRQPPSCQALGSES,False,21,train
FOidr_211,FOidr,ZC3H4_POLR2I,MEAAPGTPPPPPSESPPPPSPPPPSTPSPPPCSPDARPATPHLLHHRLPLPDDREDGELEEGELEDDGAEETQDTSGGPERSRKEKGEKHHSDSDEEKSHRRLKRKRKKEREKEKRRSKKRRKSKHKRHASSSDDFSDFSDDSDFSPSEKGHRKYREYSPPYAP,False,71,train
FOidr_212,FOidr,ZC3HAV1_ABL2,QNIQDICNSKHMQKNPPGPRAPSSHRRNMAYRARSKSRDRFFQGSQEFLASASASAERSCTPSPDQISHRASLEDAPVDDLTRKFTYLGSQDRARPPSGSSKATDLGGTSQAGTSQRFLENGSQEDLLHGNPGSTYLASNSTSAPNWKSLTSWTNDQGARRKTVFSPTLPAARSSLGSLQTPEAVTTRKGTGLLSSDYRIINGKSGTQDIQPGPLFNNNADGVATDITSTRSLNYKSTSSGHREISSPRIQDAGPASRDVQATGRIADDADPRVALVNDSLSDVTSTTSSRVD,False,16,val
FOidr_214,FOidr,ZFAND3_DGKH,QKKQPDDDSAPSTSNSQSDLFSEETTSDNNNTSITTPTLSPSQQPLPTELNVTSPSKEECGPCTDTAHVSLITPTKRSCGTDSQSENEASPVKRPRLLENTERSEETSRSKQKS,False,72,val
Vidr_001,Vidr,Q8IUG5,LATDTMRTPSRQSATSSRILSPRINEEAGDTERTQSALALSRARSTNVHSKTSGDKPVSPHFVRRQKYCHFGDGEVLAVQRKSTERLEPASSPLASRSTNTSPLSREKLPSPSAALSEFVEGLRRKRAQRGQGSTLGLEDWPTLPIYQTTGASTLRRGRAGSDEGNLSLRVGAKSPLEIE,False,73,train
Vidr_002,Vidr,D6RGX4,MMACRDPKPGAKRLVRAQTLQKQRRAPVGPRAPPPDEEDPRLKCKNCGAFGHMARSTRCPMKCWKAALVPPTLGKKEGKENLKPWKPQVEANPGPLNKDKGEKEERPRQQDPQRKALLHIFSGKPPEKPLPNRKGSTESSVYLRVASGPMPVHTTSKRPRVDPVLADRSATEMSDRGSALASLSPLRKASLSSSSSLGPKERQTGAAADIPQPAVRHQGPEPLLVVKPTHSSPEGGCREVPQAASKTHGLLQAISPQAQDKRPAVTSQPCPPAATHSLGLGSNLSFGPGAKRPAQAPIQACLNFPKKPRLGPFQIPESAIQGGELGAPEYLQPPPATTELGPSTSPQMGRRTPAQVSSVDRQPPHSRPCLPTAQACTMSHHPATSHDGAQPLRVLFRRLENGRWSSSLLAAPSFHSPEKPGAFLAQSPHVSEKSEVPRVRVPPNVLYEDLQVSSSSEDSDSDLE,True,74,val
Vidr_003,Vidr,A4FU69,ANHASKTQSKLLESPDQPKLNEQRTSTPSPNPPEQQRGVTAEQGPQRISIEEQQQGKKPTAEQELYIESVIEPGTHTESTLEQGSSRRLLTEQETHRESTTEQGQHKGSIEGQGPRRVSVSEQGSSRESVAEQGSRRESIAEQDRHKGSVAEQGSRRMSAAEQGSLRESVIEEPYQKSEQGPYGEIISEEQEDIGSTSQSRKDSILKSTKYGEPITSEYIEVPLQE,False,75,train
Vidr_004,Vidr,O94983,STKHRIISPKVEPRALTLTSIPHAHPPEPPPLIAPLPPELPKAHTSPSSSSSSSSSGFAEPLEIRPSPPTSRGGSSRGGTAILLLTGLEQRAGGLTPTRHLAPQADPRPSMSLAVVVGTEPSAPPAPPSPAFDPDRFLNSPQRGQTYGGGQGVSPDFPEAEAAHTPCSALEPAAALEPQAAARGPPPQSVAGGRRGNCFFIQDDDSGEELKGHGAAPPIPSPPPSPPPSPAPLEPSSRVGRGEALFGGPVGA,False,76,train
Vidr_005,Vidr,P06127,QWIGPTGMNQNMSFHRNHTATVRSHAENPTASHVDNEYSQPPRNSHLSAYPALEGALHRSSMQPDNSSDSDYDLHGAQRL,False,77,test
Vidr_006,Vidr,Q6ZMS4,MLENDRSMASLGRNMMESSELTPKQEIFKGSESSNSTSGGLFGVVPGGTETGDVCEDTFKELEGQPSNEEGSRLESDFLEIIDEDKKKSTKDRYEEYKEVEEHPPLSSSPVEHEGVL,False,78,train
Vidr_007,Vidr,P35637,MASNDYTQQATQSYGAYPTQPGQGYSQQSSQPYGQQSYSGYSQSTDTSGYGQSSYSSYGQSQNTGYGTQSTPQGYGSTGGYGSSQSSQSSYGQQSSYPGYGQQPAPSSTSGSYGSSSQSSSYGQPQSGSYSQQPSYGGQQQSYGQQQSYNPPQGYGQQNQYNSSSGGGGGGGGGGNYGQDQSSMSSGGGSGGGYGNQDQSGGGGSGGYGQQDRGGRGRGGSGGGGGGGGGGYNRSSGGYEPRGRGGGRGGRGGMGGSDRGGFNKFGGPRDQGSRHDSEQDNSDNNTIFVQGLGEN,True,7,train
Vidr_008,Vidr,O75603,KGVHDHPRPESKSETEARRSAIKRQMASFYQPQKKRIRESEAEENQDSSGHFSNIPPLENPEDFDIVTETSFPIP,False,79,train
Vidr_010,Vidr,O00409,DAASAMMLLNTPPEIQAGFPPGVIQNGARVLSRGLFPGVRPLPITPIGVTAAMRNGITSCRMRTESEPSCGSPVVSGDPKEDHNYSSAKSSNARSTSPTSDSISSSSSSADDHYEFATKGSQEGSEGSEGSFRSHESPSDTEEDDRKHSQKEPKDSLGDSGYASQHKKRQHFAKARKVPSDTLPLKKRRTEKPPESDDEEMKEAAGSLLHLAGIRSCLNNITNRTAKGQKEQKETTKN,False,80,train
Vidr_011,Vidr,P0C1S8,GAAWHHIRKGNFPDVPQELSESFSSLLKNMIQPDAEQRPSAAALARNTVLRPSLGKTEELQQQLNLEKFKTATLERELREAQQAQSPQGYTHHGDTGVSGTHTGSRSTKRLVGGKSARSSSFTSGEREPLH,False,81,train
Vidr_012,Vidr,Q9Y5H4,SLLEDKKEPFSQQAPPNTDWRFSQAQRPGTSGSQNGDDTGTWPNNQFDTEMLQAMILASASEAADGSSTLGGGAGTMGLSARYGPQFTLQHVPDYRQNVYIPGSNATLTNAAGKRDGKAPAGGNGNKKKSGKKEKK,False,82,val
Vidr_013,Vidr,P31629,GIPLPNESSQYIGPDMLPNPSLNTKADDSHTVKQKLALRLSEKKGQDSEPSLNLLSPHSKGSTDSGYFSRSESAEQQISPPNTNAKS,False,83,train
Vidr_014,Vidr,Q96JG8,VASHRVATPQVSGEDTQPTTYAAEAQGPTPEPPLASPQTSQMLVTSKMAAPEAPATSAQSQTGSPAQEAATEGPSSACAFSQAPCAREVDANRPSTAFLGQNDVFDFTQPAGVSGMAFPRPKRPAPAQEAATEGPSAASGVPQTGPGREVAATRPKTTKSGKALAKTRWVEPQNVVAAAAAKAKMATSIPEPEGAAAATAQHSAEPWARMGGKRTKKSKHLDDEYESSEEERETPAVPPTWRASQPSLTVRAQLAPRPPMAPRSQIPSRHVL,False,84,train
Vidr_016,Vidr,Q9BY66,IWQLLQAGQPPDLDRIRTLLELEKFEHQGSRTRSRALERRRRRQKVDQGRNVENLVQQELQSKRARSSGIMSQVGREEEHYQEKADRENMFLTPSTDHSPFLKGNQNSLQHKDSGSSAACPSLMPLLQLSYSDEQQL,False,85,test
Vidr_018,Vidr,Q96HA1,LSPRNSRMVCSPVTVRIAPPDRRFSRSAIPEQIISSTLSSPSSNAPDPCAKETVLSALKEKEKKRTVEEEDQIFLDGQENKRRRHDSSGSGHSAFEPLVANGVPASFVPKPGSLKRGLNSQSSDDHLNKRSRSSSMSSLTGAYASGIPSSSRNAITSSYSSTRGISQLWKRNGPSSSPFSSPASSRSQTPERPAKKIREEELCHHSSSSTPLAADRESQGEKAADTTPRKKQNSNSQSTPGSSGQRKRKVQLLPSRRGEQLTLPPPPQLGYSITAEDLDLEKKASLQWFNQALEDKSDAASNSVTETPPITQPSFTFTLPAAAPASPPTSLLAPSTNPLLESLKKMQTPPSLPPCPESAGAATTEALSPPKTPSLLPPLGLSQSGPPGLLPSPSFDSKPPTTLLGLIPAPSMVPATDTKAPPTLQAETATKPQATSAPSPAPKQSFLFGTQNTSPSSPAAPAASSAPPMFKPIFTAPPKSEKEGPTPPGPSVTATAPSSSSLPTTTSTTAPTFQPVFSSMGPPASVPLPAPFFKQTTTPATAPTTTAPLFTGLASATSAVAPITSASPSTDSASKPA,False,86,train
Vidr_019,Vidr,Q15643,SHPSIPPPKLSVHDMKPLDSPGRRKRDTNAPESFKDTAESRSGRRTDVNPFLAPRSAAVPLINPAGLGPGGPGHLLLKPISDVLPTFTPLPALPDNSAGVVLKDLLKQ,False,87,train
Vidr_020,Vidr,P06748,PVHISGQHLVAVEEDAESEDEEEEDVKLLSISGKRSAPGGGSKVPQKKVKLAADEDDDDDDEEDDDEDDDDDDFDDEEAEEKAPVKKSIRDTPAKNAQKSNQNGKDSKPSSTPRSKGQESFKKQEKTPKTPKGPSSVEDIKAKMQASIEKGGSLPKVEAK,False,88,val
Vidr_021,Vidr,Q96GE4,KWEVYPAQVQGPRTRKPPKGKRNENRATASSCNSPFPQRPRKRLTEQELHDVSEKLSQRLSELDWMLKSALGDRIKEKTDHKEENTGNEEVEDGTEETLSQHSDGIVEYGPKKSRPGLSMRRKPPYRSHSLSPSPVNKHKQFHLERKRQRKPRETDVRQFQAQAFTEAFERELRRHKVQENIGPLRIHEKEEETEKIYRGEAVRKGTPECSQPWKIYSRKTTTQSLRGGLPKPNKAVPMKVS,True,89,train
Vidr_022,Vidr,O14646,LYKHAIKKRQESQQNSDQNSNLNPHVIRNPDVERLKENTNHDDSSRDSYSSDRHLTQYHDHHKDRHQGDSYKKSDSRKRPYSSFSNGKDHRDWDHYKQDSRYYSDREKHRKLDDHRSRDHRSNLEGSLKDRSHSDHRSHSDHRLHSDHRSSSEYTHHKSSRDYRYHSDWQMDHRASSSGPRSPLDQRSPYGSRSPFEHSVEHKSTPEHTWSSRKT,True,90,test
Vidr_023,Vidr,Q6ZMY3,DTAGSSPWLGKVQKMVSFNSKVEKRYYQPDDRRPNVPLKGTPPPGGAWQQSQGRGSIAPRGISAWQRPPRGRGRLWPEPENWQHPGRGQWPPEPGLRQSQHPYSVAPAGHGFGRGQHFHRDSCPHQALLRHLESLATMSHQLQALLCPQTKSSIPRPLQRLSSALAAPEPPGPARDSSLGPTDEAGSECPFPRKA,False,91,train
Vidr_024,Vidr,Q5TZJ5,SSATCESGAGSEVEVDMFLRKPPMASLRKQVLTKASDHMPESLLASSPAWKQFQRAPRGIPSWNDHGPLKPPPAGQEGRWPSKPLTYSLTGSTQQSRSLGAQSSKAGETREAVPQCRVPLETCMLANLQATSEDMHGFEAPGTSKSSLHPRVSVSQDPRKLCLMEEVVNEFEPGMATKSETQPQVCAAVVLLPDGQASVVPHASENLVSQVPQGHLQSMPAGNMRASQELHDLMAARRSKLVHEEPRNPNCQGSCKNQRPMFPPIHKSEKSRKPNLEKHEERLEGLRTPQLTPVRKTEDTHQDEGVQLLPSKKQPPSVSH,False,92,train
Vidr_025,Vidr,Q8N5F7,MAPVSGSRSPDREASGSGGRRRSSSKSPKPSKSARSPRGRRSRSHSCSRSGDRNGLTHQLGGLSQGSRNQSYRSRSRSRSRERPSAPRGIPFASASSSVYYGSYSRPYGSDKPWPSLLDKEREESLRQKRLSERERIGELGAPEVWGLSPKNPEPDSDEHTPVEDEEPKKSTTSASTSEEEKKKKSSRSKERSKKRRKKKSSKRKHKKYSEDSDSDSDSETDSSDEDNKRRAKKAKKKEKKKKHRSKKYKKKRSKKSRKESSDSSSKESQEEFLENPWKDRTKAEEPSDLIGPEAPKTLTSQDDKPLNYGHALLPGEGAAMAEYVKAGKRIPRRGEIGLTS,True,93,train
Vidr_026,Vidr,Q08170,QAGEVTYADAHKGRKNEGVIEFVSYSDMKRALEKLDGTEVNGRKIRLVEDKPGSRRRRSYSRSRSHSRSRSRSRHSRKSRSRSGSSKSSHSKSRSRSRSGSRSRSKSRSRSQSRSRSKKEKSRSPSKEKSRSRSHSAGKSRSKSKDQAEEKIQNNDNVGKPKSRSPSRHKSKSKSRSRSQERRVEEEKRGSVSRGRSQEKSLRQSRSRSRSKGGSRSRSRSRSKSKDKRKGRKRSREESRSRSRSRSKSERSRKRGSKRDSKAGSSKKKKKEDTDRSQSRSPSRSVSKEREHAKSESSQREGRGESENAGTNQETRSRSRSNSKSKPNLPSESRSRSKSASKTRSRSKSRSRSASRSPSRSRSRSHSRS,False,94,train
Vidr_027,Vidr,Q9NYJ8,SGISGLRNHMTSLNLDLQSQNIYHHGREGSRMNGSRTLTHSISDGQLQGGQSNSELFQQEPQTAPAQVPQGFNVFGMSSSSGASNSAPHLGFHLGSKGTSSLSQQTPRFNPIMVTLAPNIQTGRNTPTSLHIHGVPPPVLNSPQGNSIYIRPYITTPGGTTRQTQQHSGWVSQFNPMNPQQVYQPSQPGPWTTCPASNPLSHTSSQQPNQQGHQTSHVYMPISSPTTSQPPTIHSSGSSQSSAHSQYNIQNISTGPRKNQIEIKLEPPQRNNSSKLRSSGPRTSSTSSSVNSQTLNRNQPTVYIAASPPNTDELMSRSQPKVYISANAATGDEQVMRNQPTLFISTNSGASAASRNMSGQVSMGPAFIHHHPPKSRAIGNNSATSPRVVVTQPNTKYTFKITVSPNKPPAVSPGVVSPTFELTNLLNHPDHYVETENIQHLTDPTLAHVDRISETRKLSMGSDDAAYTQALLVHQKARMERLQRELEIQKKKLDKLKSEVNEMENNLTRRRLKRSNSISQIPSLEEM,True,95,train
Vidr_028,Vidr,Q9Y2K5,DQTGKAVIINKTSNTRIPEQRFSEHIKDEKNTEFQQRFILKRDDASMDRDDNQTGQNGYLNDIRLSKEAFSSSSHKRRQIFRGNREGLSRTSSSRQSSTDSELKSLEPRPWSSTDSDGSVRSMRPPVTKASSFSGISILTRGDSIGSSKGGSAGRISRPGMALGAPEVCNQVTSSQSVRGLLPCTAQQQQQQQQQQLPALPPTPQQQPPLNNHMISQADDLSNPFGQMSLSRQGSTEAADPSAALFQTPLISQHPQQTSFIMASTGQPLPTSNYSTSSHAPPTQQVLPPQGYMQPPQQIQVSYYPPGQYPNSNQQYRPLSHPVAYSPQRGQQLPQPSQQPGLQPMMPNQQQAAYQGMIGVQQPQNQGLLSSQRSSMGGQMQGLVVQYTPLPSYQVPVGSDSQNVVQPPFQQPMLVPVSQSVQGGLPAAGVPVYYSMIPPAQQNGTSPSVGFLQPPGSEQYQMPQSPSPCSPPQMPQQYSGVSPSGPGVVVMQLNVPNGPQPPQNPSMVQWSHCKYYSMDQRGQKPGDLYSPDSSPQANTQMSSSPVTSPTQSPAPSPVTSLSSVCTGLSPLPVLTQFPRPGGPAQGDGRYSLL,True,96,val
Vidr_029,Vidr,O95886,MRGYHGDRGSHPRPARFADQQHMDVGPAARAPYLLGSREAFSTEPRFCAPRAGLGHISPEGPLSLSEGPSVGPEGGPAGAGVGGGSSTFPRMYPGQGPFDTCEDCVGHPQGKGAPRLPPTLLDQFEKQLPVQQDGFHTLPYQRGPAGAGPGPAPGTGTAPEPRSESPSRIRHLVHSVQKLFAKSHSLEAPGKRDYNGPKAEGRGGSGGDSYPGPGSGGPHTSHHHHHHHHHHHHQSRHGKRSKSKDRKGDGRHQAKSTGWWSSDDNLDSDSGFLAGGRPPGEPGGPFCLEGPDGSYRDLSFKGRSGGSEGRCLACTGMSMSLDGQSVKRSAWHTMMVSQGRDGYPGAGPGKGLLGPETKAKARTYHYLQVPQDDWGGYPTGGKDGEIPCRRMRSGSYIKAMGDEESGDSDGSPKTSPKAVARRFTTRRSS,True,97,test
Vidr_030,Vidr,O14497,GEDPPPDIFAAADSKKSQPKIQPPSPAGSGSMQGPQTPQSTSSSMAEGGDLKPPTPASTPHSQIPPLPGMSRSNSVGIQDAFNDGSDSTFQKRNSMTPNPGYQPSMNTSDMMGRMSYEPNKDPYGSMRKAPGSDPFMSSGQGPNGGMGDPYSRAAGPGLGNVAMGPRQHYPYGGPYDRVRTEPGIGPEGNMSTGAPQPNLMPSNPDSGMYSPSRYPPQQQQQQQQRHDSYGNQFSTQGTPSGSPFPSQQTTMYQQQQQNYKRPMDGTYGPPAKRHEGEMYSVPYSTGQGQPQQQQLPPAQPQPASQQQAAQPSPQQDVYNQYGNAYPATATAATERRPAGGPQNQFPFQFGRDRVSAPPGTNAQQNMPPQMMGGPIQASAEVAQQGTMWQGRNDMTYNYANRQSTGSAPQGPAYHGVNRTDEMLHTDQRANHEGSWPSHGTRQPPYGPSAPVPPMTRPPPSNYQPPPSMQNHIPQVSSPAPLPRPMENRTSPSKSPFLHSGMKMQKAGPPVPASHIAPAPVQPPMIRRDITFPPGSVEATQPVLKQRRRLTMKDI,True,98,train
Vidr_031,Vidr,Q86YW9,HLLLYHTHPMPKPRSYYLQPLPLPPEEEEEEPTSPVSQEPERKSAELSDQGKTTTDEEKKTKGRKRKTKSSSRVDEYPQSNIYRVPPNYSPISSQMMHHPQSTLWGYNLVGQPQQPGFFLQNQSLTPGGSRLDPAGSFVPTNTKQALSNMLQRRSGAMMQPPSLHAITSQQQLIQMKLLQQQQQQRLLRQAQTRPFQQGQPGDQAALFAAQARPSPQLPQYPGLQQAQTMPQGYTMYGTQMPLQQTSQQQAGSVVLSPSYNSRAYPAAHSNPVLMERLRQIQQQPSGYVQQQASPYLQPLTGSQRLNHQALQQSPLVGGGIDAVLTSAHPNLPSVPLPQDPMRPRQPQVRQQQRLLQMQQPQQPQPQQPPQPQQSSQSQSQTLGLQAMQPQQPLFPRQGLQQTQQQQQTAALVRQLQKQLSSNQPQQGVTPYGHPSHF,True,99,val
Vidr_032,Vidr,P0C7W9,MMARRDPTSWAKRLVRAQTLQKQRRAPVGPRAPPPDEEDPRLKCKNCGAFGHTARSTRCPMKCWKAALVPATLGKKEGKENLKPWKPRVEANPGPLNKDKGEKEERPRQQDPQRKALLHMFSGKPPEKPLPNGKGSTEPSDYLRVASGPMPVHTTSKRPRLDPVLADRSATEMSGRGSVLASLSPLRKASLSSSSSLGPKERQTGAAADMPQPAVRHQGREPLLVVKPTHSRPEGDCREVPQAASKTHGLLQAARPQAQDKRPAVTSQPCPPAATHSLGLGSNLSFGPGAKRPAQAPIQACLNFPKKPRLGPFQIPESAIQGGELGAPENLQPPPAATELGPSTSPQMGRRTPAQVPSVDRQPPHSRPCLPTAQACTMSHHPAASHDGAQPLRVLFRRLENGRWSSSLLAAPSFHSPEKPGAFLAQSPHVSEKSEAPCVRVPPSVLYEDLQVSSSSEDSDSDLE,True,74,val
Vidr_033,Vidr,O14654,RRFVTPSEPVAHSRRGRLHLPRGRRSRRAVSVPASFFRRLAPSPARPRHPAEAPNNGARLSSEVSGSGSGNFGEEGNPQGKEDQEGSGGDYMPMNNWGSGNGRGSGGGQGSNGQGSSSHSSGGNQCSGEGQGSRGGQGSNGQGSGGNQCSRDGQGTAGGHGSGGGQRPGGGHGSGGGQGPGDGHGSGGGKNSGGGKGSGSGKGSDGDGERGKSLKKRSYFGKLTQSKQQQMPPPPPPPPPPPPAGGTGGKGKSGGRFRLYFCVDRGATKECKEAKEVKDAEIPEGAARGPHRARAFDEDEDDPYVPMRPGVATPLVSSSDYMPMAPQNVSASKKRHSRSPFEDSRGYMMMFPRVSPPPAPSPPKAPDTNKEDDSKDNDSESDYMFMAPGAGAIPKNPRNPQGGSSSKSWSSYFSLPNPFRSSPLGQNDNSEYVPMLPGKFLGRGLDKEVSYNWDPKDAASKPSGEGSFSKPGDGGSPSKPSDHEPPKNKAKRPNRLSFITKGYKIKPKPQKPTHEQREADSSSDYVNMDFTKRESNTPAPSTQGLPDSWGIIA,True,100,train
